,Date,Close,High,Low,Open,Volume
2,9/1/2020,5771.082031,5771.082031,5523.244153,5558.649564,67446000
3,9/2/2020,5695.846191,5806.488114,5633.886715,5771.082699,66065000
4,9/3/2020,5753.378906,5753.378906,5576.351863,5722.399174,68208500
5,9/4/2020,5647.163086,5709.122556,5545.372529,5709.122556,80613500
6,9/7/2020,5563.075195,5629.460341,5487.838697,5607.331959,64249500
7,9/8/2020,5607.332031,5629.460413,5563.075267,5563.075267,39649000
8,9/9/2020,5527.669434,5594.054575,5496.689701,5576.351871,49285000
9,9/10/2020,5142.635742,5505.54119,5142.635742,5505.54119,175735000
10,9/11/2020,5226.724121,5288.683594,4974.460552,5133.784911,403032500
11,9/14/2020,5355.067871,5412.601658,5297.534084,5310.811112,138115000
12,9/15/2020,5186.89209,5399.32453,5186.89209,5346.21642,170087000
13,9/16/2020,5089.527344,5195.743567,5085.101668,5186.892215,158565500
14,9/17/2020,5093.953125,5182.466646,5014.290956,5089.527449,138796000
15,9/18/2020,4983.311523,5076.250726,4930.203408,5045.270992,316912000
16,9/21/2020,4961.182617,5076.250189,4952.331266,4992.162348,112443000
17,9/22/2020,4823.987305,4925.777862,4806.284599,4885.946775,163442500
18,9/23/2020,4872.669922,4943.480747,4801.859096,4823.987479,100517000
19,9/24/2020,4819.561035,4899.223201,4770.8786,4806.284008,88618500
20,9/25/2020,4965.608398,4978.885426,4832.83812,4850.540824,100705000
21,9/28/2020,4881.521484,5040.845848,4868.244454,5001.014757,93522000
22,9/29/2020,4872.669922,4987.737513,4832.838833,4934.629394,117778500
23,9/30/2020,4797.433594,4925.778219,4797.433594,4925.778219,107377000
24,10/1/2020,4930.203613,4930.203613,4850.541436,4854.967113,56893000
25,10/2/2020,4872.669922,4925.778041,4815.136126,4921.352364,66848000
26,10/5/2020,4885.946777,4921.352189,4832.83866,4881.521101,58291000
27,10/6/2020,5045.271484,5058.548515,4956.75795,4983.31201,141955500
28,10/7/2020,5093.953125,5093.953125,4939.054464,4956.757168,89937500
29,10/8/2020,5116.081543,5133.784247,5054.122078,5124.932895,77384500
30,10/9/2020,5111.65625,5111.65625,5062.97381,5089.527868,54250500
31,10/12/2020,5182.466309,5200.169012,5160.33793,5169.189281,82918500
32,10/13/2020,5182.466309,5186.891984,5107.229821,5169.189281,48250500
33,10/14/2020,5222.297363,5222.297363,5142.6352,5169.189255,83117500
34,10/15/2020,5120.507324,5204.595171,5098.378943,5200.169495,82067000
35,10/16/2020,5098.378418,5124.932472,5071.824364,5120.506797,89051500
36,10/19/2020,5222.297363,5222.297363,5054.121685,5089.527091,56871500
37,10/20/2020,5138.210449,5204.595597,5120.507743,5204.595597,74995500
38,10/21/2020,5116.081543,5191.318036,5071.824782,5186.89236,77944000
39,10/22/2020,5133.78418,5133.78418,5049.696335,5080.676067,96872500
40,10/23/2020,5107.230469,5169.189937,5089.527763,5169.189937,66328000
41,10/26/2020,5147.061523,5164.764229,5067.39935,5067.39935,70452500
42,10/27/2020,5124.932617,5160.338024,5093.952886,5147.060996,89482000
43,11/2/2020,5151.487305,5155.912981,5062.973777,5098.379188,151006500
44,11/3/2020,5213.446289,5217.871965,5164.763853,5169.189529,78152000
45,11/4/2020,5151.487305,5257.703538,5120.50757,5222.298127,78626000
46,11/5/2020,5443.581543,5470.135599,5222.29774,5222.29774,161090000
47,11/6/2020,5576.352539,5576.352539,5363.920061,5452.433594,137303500
48,11/9/2020,5563.075195,5664.865752,5501.115726,5576.352224,82739500
49,11/10/2020,5735.676758,5841.892994,5647.163228,5660.440257,191073500
50,11/11/2020,5788.784668,5810.91305,5735.676552,5788.784668,131383500
51,11/12/2020,5682.568359,5748.953504,5669.29133,5673.717007,83082500
52,11/13/2020,5656.01416,5709.122274,5594.054694,5682.568217,82374500
53,11/16/2020,5735.676758,5740.102434,5651.588904,5740.102434,54905000
54,11/17/2020,5797.636719,5810.913749,5744.528596,5753.37995,119784000
55,11/18/2020,5815.338379,5819.764055,5788.784322,5797.635675,99789000
56,11/19/2020,5855.169922,5877.298304,5766.656393,5771.08207,147346500
57,11/20/2020,5841.892578,5886.14934,5797.635816,5877.297988,68468500
58,11/23/2020,5841.892578,5850.743931,5797.635816,5841.892578,75265500
59,11/24/2020,5810.912598,5841.89233,5793.209894,5841.89233,72349500
60,11/25/2020,5673.717285,5828.615963,5647.163226,5824.190286,170140500
61,11/26/2020,5735.676758,5744.528111,5576.352403,5620.609169,64339000
62,11/27/2020,5651.588379,5744.527577,5647.162703,5735.676225,87361500
63,11/30/2020,5492.26416,5664.865532,5430.304693,5651.588503,393091500
64,12/1/2020,5660.44043,5695.845843,5505.541747,5505.541747,114563500
65,12/2/2020,5709.12207,5740.101802,5611.757198,5717.973422,93897500
66,12/3/2020,5717.973145,5775.50693,5686.993414,5753.378551,98210000
67,12/4/2020,5656.01416,5722.399303,5629.460103,5717.973627,64995500
68,12/7/2020,5771.082031,5824.190148,5735.67662,5753.379326,96636000
69,12/8/2020,5744.527832,5771.08189,5686.99404,5771.08189,70561500
70,12/10/2020,5837.393555,5859.588967,5806.319977,5850.710802,151420500
71,12/11/2020,5979.444336,6019.39608,5855.150022,5859.589104,214160000
72,12/14/2020,6054.908691,6063.786857,6032.713278,6037.152361,179785500
73,12/15/2020,6028.273926,6125.933739,5864.027876,6063.786585,164024500
74,12/16/2020,6170.324707,6170.324707,6072.664892,6090.421222,138674000
75,12/17/2020,6157.007813,6214.715889,6054.908909,6183.642309,91920000
76,12/18/2020,6037.151855,6157.007076,5997.200115,6157.007076,147238500
77,12/21/2020,6063.786621,6117.05561,6037.152126,6117.05561,93692500
78,12/22/2020,5961.687988,6054.908724,5957.248906,5983.883401,61790500
79,12/23/2020,5970.565918,6130.372887,5877.345186,6130.372887,76948000
80,12/28/2020,6019.395996,6054.908657,5912.858014,6028.274161,60234000
81,12/29/2020,6006.079102,6046.030847,5983.883687,6014.957267,34212500
82,12/30/2020,6010.51709,6037.151582,5948.369941,6037.151582,52675500
83,1/4/2021,6068.226074,6085.982405,5966.127172,6037.152495,47937000
84,1/5/2021,6294.618652,6294.618652,6081.542704,6090.420868,104831000
85,1/6/2021,6165.885742,6281.30189,6108.177668,6259.106477,89753500
86,1/7/2021,6183.641602,6259.106,6134.811697,6214.715177,71360000
87,1/8/2021,6259.105957,6285.74045,6192.519723,6245.78871,75033500
88,1/11/2021,6521.012207,6534.329455,6343.448907,6347.887989,169034500
89,1/12/2021,6356.765625,6552.085239,6356.765625,6521.011664,95235000
90,1/13/2021,6321.253418,6458.864974,6276.862593,6432.230479,76581500
91,1/14/2021,6232.47168,6294.618833,6210.276268,6259.106174,89319500
92,1/15/2021,6174.763672,6303.497063,6072.664776,6299.05798,89853500
93,1/18/2021,6321.253418,6325.6925,6077.103883,6174.763697,86343000
94,1/19/2021,6299.058105,6321.253518,6219.15462,6321.253518,73777000
95,1/20/2021,6299.058105,6476.621407,6276.862693,6361.205261,107216000
96,1/21/2021,6281.302246,6481.060975,6267.984998,6463.304643,66428000
97,1/22/2021,6285.741211,6356.766535,6281.302128,6281.302128,80829000
98,1/25/2021,6245.789551,6392.279284,6214.715971,6392.279284,76836500
99,1/26/2021,6054.908691,6214.715666,6054.908691,6174.763922,98658000
100,1/27/2021,6028.273926,6152.568234,5952.809525,6054.90842,97920000
101,1/28/2021,6125.933594,6148.129005,6028.273783,6028.273783,104627000
102,1/29/2021,6001.63916,6214.715107,6001.63916,6125.933462,132762500
103,2/1/2021,6054.908691,6143.690344,5855.149974,6001.6397,113129000
104,2/2/2021,6037.151855,6196.958816,6037.151855,6183.64157,86741000
105,2/3/2021,6059.347168,6214.715044,6059.347168,6214.715044,67291000
106,2/4/2021,6085.982422,6214.715821,6068.226091,6143.690497,80950500
107,2/5/2021,6139.251953,6170.325535,6085.982956,6099.300205,51602000
108,2/8/2021,6143.690918,6263.54616,6108.178254,6259.107077,45604000
109,2/9/2021,6196.959473,6241.3503,6174.764059,6214.715804,75574000
110,2/10/2021,6143.690918,6259.107077,6125.934586,6259.107077,44984500
111,2/11/2021,6108.177734,6201.39847,6072.665073,6201.39847,36926000
112,2/15/2021,6037.151855,6117.055336,5966.12654,6063.786349,83922000
113,2/16/2021,6161.446777,6165.88586,6063.786958,6108.177785,47221000
114,2/17/2021,6125.933594,6179.202582,6081.542771,6117.055429,66011500
115,2/18/2021,5979.444336,6125.934064,5979.444336,6081.543237,91204000
116,2/19/2021,6059.347168,6081.542579,6001.6391,6019.395428,70487500
117,2/22/2021,6028.273926,6161.446398,6028.273926,6125.933739,68913000
118,2/23/2021,6059.347168,6077.103497,6014.956346,6054.908086,58360000
119,2/24/2021,5970.565918,6068.225732,5970.565918,6059.347567,71869000
120,2/25/2021,5952.80957,6010.517642,5930.614158,5983.883147,78688000
121,2/26/2021,5957.249512,6046.031174,5899.541432,5952.810429,173631500
122,3/1/2021,6254.66748,6254.66748,6037.15243,6063.786926,205539000
123,3/2/2021,6228.033203,6356.766605,6214.715955,6321.253942,81446500
124,3/3/2021,6214.71582,6290.180227,6214.71582,6272.423896,84470000
125,3/4/2021,5966.126465,6214.715068,5966.126465,6130.372506,120802500
126,3/5/2021,6037.151855,6148.128912,5966.12654,5966.12654,111871500
127,3/8/2021,5966.126465,6170.324246,5966.126465,6170.324246,90883000
128,3/9/2021,5864.027832,5961.687645,5859.58875,5948.370397,135582000
129,3/10/2021,5952.80957,5966.126818,5877.345169,5966.126818,50302000
130,3/12/2021,6006.079102,6108.178007,5961.688273,6103.738924,74328000
131,3/15/2021,5917.296387,6054.907931,5917.296387,6050.468849,57416000
132,3/16/2021,5881.783691,5957.248086,5877.344609,5957.248086,70755500
133,3/17/2021,5868.466797,5917.296702,5864.027715,5903.979455,71474500
134,3/18/2021,5952.80957,5966.126818,5868.467004,5877.345169,70067500
135,3/19/2021,6001.63916,6010.517325,5881.78394,6010.517325,125853000
136,3/22/2021,5877.345215,5930.614205,5868.46705,5895.101545,67523500
137,3/23/2021,5828.514648,5966.12619,5819.636484,5966.12619,127762500
138,3/24/2021,5717.538574,5815.198395,5699.782243,5784.124815,152050000
139,3/25/2021,5655.391602,5717.538762,5619.878938,5682.026099,119101500
140,3/26/2021,5695.343262,5721.977759,5593.244357,5655.391516,134467500
141,3/29/2021,5646.512695,5784.124247,5646.512695,5690.903518,113370500
142,3/30/2021,5677.586914,5730.855908,5655.3915,5655.3915,83115500
143,3/31/2021,5517.778809,5677.585757,5455.631662,5673.146675,223390500
144,4/1/2021,5526.657227,5566.608966,5464.510077,5517.779062,112286000
145,4/5/2021,5464.510254,5584.365475,5464.510254,5548.852817,73311500
146,4/6/2021,5473.388672,5477.827754,5397.92427,5446.754177,80215000
147,4/7/2021,5548.853516,5571.04893,5446.754611,5464.510942,107908000
148,4/8/2021,5523.105469,5595.126404,5514.102852,5581.622479,123697500
149,4/9/2021,5581.62207,5689.653465,5532.107681,5685.152157,116961000
150,4/12/2021,5460.087402,5667.147601,5455.586094,5667.147601,110411500
151,4/13/2021,5401.570313,5455.586016,5383.565078,5446.583398,119211500
152,4/14/2021,5676.150391,5676.150391,5455.58626,5496.098039,135519500
153,4/15/2021,5653.643555,5680.651406,5563.617383,5676.150098,102686500
154,4/16/2021,5649.142578,5734.667446,5595.126872,5734.667446,79293500
155,4/19/2021,5644.640625,5653.643242,5608.630158,5649.141933,47095000
156,4/20/2021,5613.130859,5626.634783,5568.117781,5581.621705,72721000
157,4/21/2021,5550.113281,5604.128982,5550.113281,5581.62244,68397000
158,4/22/2021,5595.125977,5649.141674,5563.61682,5581.622052,63758000
159,4/23/2021,5752.672363,5757.173672,5604.12918,5653.643575,108498500
160,4/26/2021,5658.14502,5761.675119,5653.643711,5757.173811,108742000
161,4/27/2021,5766.175781,5793.18363,5721.162699,5734.666624,132650000
162,4/28/2021,5689.654297,5766.176546,5685.152988,5761.675237,87660000
163,4/29/2021,5770.678223,5815.691313,5725.665132,5815.691313,57355000
164,4/30/2021,5766.175781,5806.687555,5743.66924,5806.687555,65829500
165,5/3/2021,5752.672363,5833.695918,5712.160586,5833.695918,42065500
166,5/4/2021,5761.674805,5788.682655,5707.659103,5716.66172,50123500
167,5/5/2021,5784.181641,5788.682949,5761.675097,5779.680332,51685000
168,5/6/2021,5784.181641,5806.688184,5761.675097,5761.675097,38115500
169,5/7/2021,5761.674805,5815.690506,5748.170879,5815.690506,48864000
170,5/10/2021,5779.680176,5779.680176,5757.173633,5761.674942,68180500
171,5/11/2021,5833.696289,5833.696289,5676.150479,5761.675347,70680000
172,5/17/2021,5851.700195,5851.700195,5739.167499,5851.700195,129058500
173,5/18/2021,5752.672363,5811.189375,5730.16582,5761.67498,73563000
174,5/19/2021,5712.160645,5761.675039,5703.158027,5743.669805,64912500
175,5/20/2021,5743.669922,5793.184318,5716.66207,5752.672539,64950000
176,5/21/2021,5725.664063,5806.687611,5635.637898,5806.687611,92620000
177,5/24/2021,5694.155273,5743.669667,5662.646114,5721.163125,59210000
178,5/25/2021,5721.164063,5797.68632,5671.649661,5671.649661,87470000
179,5/27/2021,5644.640625,5833.695574,5644.640625,5797.685108,537971500
180,5/28/2021,5707.65918,5734.667031,5698.656563,5698.656563,102108500
181,5/31/2021,5739.168945,5752.672872,5694.155856,5725.665018,101442000
182,6/2/2021,5820.192383,5865.205472,5779.680603,5851.701545,141732500
183,6/3/2021,5941.727539,5941.727539,5788.683042,5847.200055,133810500
184,6/4/2021,5923.722168,5959.732637,5851.70123,5959.732637,62108500
185,6/7/2021,5878.709473,5914.719944,5788.683294,5905.717326,62576000
186,6/8/2021,5788.683105,5919.22106,5788.683105,5919.22106,64348000
187,6/9/2021,5878.709473,5883.210782,5725.664969,5725.664969,77198000
188,6/10/2021,5959.732422,5959.732422,5842.698402,5901.215412,73262500
189,6/11/2021,5824.693848,5923.722646,5815.69123,5914.720028,72780500
190,6/14/2021,5770.678223,5869.707022,5761.675605,5869.707022,61478500
191,6/15/2021,5824.693848,5824.693848,5766.176831,5802.187303,87799000
192,6/16/2021,5748.171387,5793.184475,5725.664843,5779.680549,48984000
193,6/17/2021,5698.657227,5752.672935,5649.142827,5752.672935,68448500
194,6/18/2021,5694.155273,5712.160508,5653.643497,5671.648731,118043000
195,6/21/2021,5626.635742,5671.648828,5590.625273,5671.648828,60823500
196,6/22/2021,5707.65918,5752.672265,5617.63301,5626.635627,65824000
197,6/23/2021,5608.630371,5707.659158,5608.630371,5667.147381,52451000
198,6/24/2021,5590.625,5680.651167,5581.622383,5680.651167,56010000
199,6/25/2021,5572.620117,5635.638438,5572.620117,5608.630586,68939500
200,6/28/2021,5451.084473,5536.609332,5451.084473,5491.596248,84420500
201,6/29/2021,5442.082031,5482.593808,5437.580723,5446.58334,53704000
202,6/30/2021,5424.077148,5464.588928,5401.570604,5401.570604,65795000
203,7/1/2021,5424.077148,5469.090237,5401.570604,5455.58631,58153000
204,7/2/2021,5491.596191,5527.606658,5437.580491,5464.588341,67392500
205,7/5/2021,5500.599121,5518.604356,5464.588652,5491.596504,39710500
206,7/6/2021,5451.084473,5500.598865,5451.084473,5500.598865,34279500
207,7/7/2021,5460.087402,5563.617501,5428.578242,5563.617501,35595000
208,7/8/2021,5415.074219,5437.580762,5383.565059,5401.570293,47297000
209,7/9/2021,5419.575195,5419.575195,5392.567346,5410.572579,40707500
210,7/12/2021,5554.614746,5563.617363,5419.57549,5464.588575,65981500
211,7/13/2021,5442.082031,5559.116053,5415.07418,5554.614745,65946500
212,7/14/2021,5392.567383,5428.577849,5383.564766,5419.575233,59321000
213,7/15/2021,5505.100098,5505.100098,5397.068698,5401.570006,49724000
214,7/16/2021,5500.599121,5554.614824,5451.084726,5554.614824,47998500
215,7/19/2021,5406.071289,5500.598764,5406.071289,5500.598764,47119000
216,7/21/2021,5410.573242,5509.602037,5410.573242,5446.583713,55009500
217,7/22/2021,5541.110352,5541.110352,5446.58288,5505.099886,60792000
218,7/23/2021,5433.079102,5572.619658,5424.076485,5563.617042,79938000
219,7/26/2021,5406.071289,5455.585681,5406.071289,5437.580447,48171500
220,7/27/2021,5406.071289,5455.585681,5401.569981,5406.071289,53107500
221,7/28/2021,5383.564453,5410.572302,5374.561837,5406.070993,74133000
222,7/29/2021,5437.580566,5478.092342,5383.564865,5451.084492,84605000
223,7/30/2021,5374.5625,5491.596524,5365.559883,5437.580821,105685000
224,8/2/2021,5365.560547,5460.08804,5316.046146,5455.586731,119981500
225,8/3/2021,5532.10791,5563.617068,5388.066044,5424.076511,110071500
226,8/4/2021,5509.601563,5536.609413,5455.585861,5532.108105,41112000
227,8/5/2021,5671.649414,5680.652032,5527.607524,5554.615379,93768000
228,8/6/2021,5545.611816,5725.664148,5523.105275,5725.664148,67285000
229,8/9/2021,5581.62207,5581.62207,5496.097216,5523.105065,52858500
230,8/10/2021,5671.649414,5671.649414,5505.100979,5626.636323,60446000
231,8/12/2021,5671.649414,5689.65465,5509.602288,5509.602288,118325500
232,8/13/2021,5770.678223,5793.184768,5694.155969,5716.662514,86929000
233,8/16/2021,5779.680176,5779.680176,5676.150079,5779.680176,69282000
234,8/18/2021,5941.727539,6085.769419,5815.690894,5869.706599,186354500
235,8/19/2021,5941.727539,5941.727539,5878.709217,5941.727539,100926000
236,8/20/2021,5941.727539,5941.727539,5860.703982,5941.727539,120163500
237,8/23/2021,5932.725098,5932.725098,5865.205465,5865.205465,68253000
238,8/24/2021,5941.727539,5941.727539,5851.701364,5914.719687,59561500
239,8/25/2021,5941.727539,5946.228848,5928.223613,5941.727539,80751500
240,8/26/2021,5905.716797,5923.722031,5824.693243,5905.716797,74337000
241,8/27/2021,5860.703613,5878.708847,5842.698379,5842.698379,71572500
242,8/30/2021,5910.217773,5923.721698,5869.705999,5878.708615,74564500
243,8/31/2021,5896.714844,5914.72008,5865.20568,5869.70699,115373500
244,9/1/2021,5910.217773,5941.726931,5883.209924,5896.713849,67362500
245,9/2/2021,5887.711914,5919.221076,5811.189664,5874.207988,53257000
246,9/3/2021,5941.727539,5941.727539,5865.20529,5905.717069,35764500
247,9/6/2021,5919.221191,5946.229045,5896.714647,5941.727736,36780000
248,9/7/2021,5914.719238,5946.228397,5914.719238,5937.22578,53902000
249,9/8/2021,5797.685547,5937.226115,5779.680312,5896.714337,77888000
250,9/9/2021,5914.719238,5914.719238,5770.677369,5770.677369,110074000
251,9/10/2021,5869.706055,5910.21783,5847.199513,5847.199513,41483500
252,9/13/2021,5901.215332,5905.71664,5874.207482,5905.71664,29929000
253,9/14/2021,5892.213379,5937.226468,5847.20029,5932.725159,51990500
254,9/15/2021,5847.200684,5896.715085,5838.198065,5892.213776,44514000
255,9/16/2021,5851.700195,5923.721121,5833.694964,5923.721121,58672500
256,9/17/2021,5869.706055,5883.20998,5833.695588,5842.698205,117540000
257,9/20/2021,5928.223633,5932.724942,5860.704001,5914.719707,73157500
258,9/21/2021,5842.69873,5883.210509,5824.693496,5860.703965,57115500
259,9/22/2021,5901.215332,5923.721874,5851.700939,5851.700939,68722000
260,9/23/2021,5923.722168,5932.724785,5892.213008,5901.215625,60998500
261,9/24/2021,5928.223633,5928.223633,5851.701384,5851.701384,60539500
262,9/27/2021,5923.722168,5937.226094,5901.215625,5928.223477,55052500
263,9/28/2021,5869.706055,5905.716521,5851.700821,5887.711288,80186000
264,9/29/2021,5923.722168,5923.722168,5865.205156,5869.706464,74079000
265,9/30/2021,6301.83252,6301.83252,5937.226495,5941.727804,156848000
266,10/1/2021,6085.769043,6211.80568,6040.755958,6211.80568,103954500
267,10/4/2021,6265.821777,6265.821777,6067.764192,6067.764192,74719000
268,10/5/2021,6252.317871,6252.317871,6175.795622,6220.80871,54986500
269,10/6/2021,6463.878906,6463.878906,6274.823952,6283.826569,174312000
270,10/7/2021,6445.873535,6459.37746,6373.852602,6459.37746,107263500
271,10/8/2021,6562.907715,6571.910332,6459.377621,6481.884163,94643500
272,10/11/2021,6531.398438,6562.907596,6508.891896,6517.894512,47201000
273,10/12/2021,6589.915527,6589.915527,6522.395901,6531.398518,91067000
274,10/13/2021,6774.46875,7427.15843,6661.936047,6661.936047,210893300
275,10/14/2021,6977.027832,7112.06708,6841.988584,6841.988584,138811900
276,10/15/2021,6887.001953,7089.560834,6706.949614,7022.041207,142378200
277,10/18/2021,6774.46875,6909.507994,6729.455669,6887.001453,116644300
278,10/19/2021,6751.962891,6774.469434,6616.923633,6729.456348,134601200
279,10/21/2021,6661.937012,6796.976275,6616.923924,6751.963188,106120100
280,10/22/2021,6774.46875,6796.975291,6684.442587,6706.949128,96730700
281,10/25/2021,6774.46875,6774.46875,6661.936047,6661.936047,60329800
282,10/26/2021,6774.46875,6841.988372,6751.962209,6841.988372,70103000
283,10/27/2021,6706.949707,6819.48242,6684.443164,6819.48242,57067000
284,10/28/2021,6639.429688,6684.44277,6616.923146,6616.923146,75271900
285,10/29/2021,6729.455566,6729.455566,6639.429405,6706.949026,60639200
286,11/1/2021,6661.937012,6796.976275,6661.937012,6796.976275,38593400
287,11/2/2021,6571.910156,6684.442864,6526.897073,6639.429781,90535400
288,11/3/2021,6616.92334,6661.936424,6526.897172,6571.910256,61621500
289,11/4/2021,6639.429688,6729.455853,6639.429688,6684.44277,61081400
290,11/5/2021,6706.949707,6729.45625,6639.430079,6729.45625,43120400
291,11/8/2021,6819.482422,6841.988965,6706.949709,6751.962794,85441700
292,11/9/2021,6909.508301,6909.508301,6819.482134,6841.988676,101785800
293,11/10/2021,6887.001953,6909.508495,6819.482326,6909.508495,47503900
294,11/11/2021,6909.508301,6977.027926,6841.988676,6932.014842,55790000
295,11/12/2021,6774.46875,6977.027616,6774.46875,6977.027616,52590100
296,11/15/2021,6751.962891,6864.495605,6751.962891,6864.495605,67344200
297,11/16/2021,6729.455566,6729.455566,6594.416324,6661.935945,98616900
298,11/17/2021,6842.366211,6842.366211,6706.873811,6774.620011,61968100
299,11/18/2021,6684.29248,6774.620757,6684.29248,6706.87455,78839600
300,11/19/2021,6706.874512,6729.456581,6661.710374,6706.874512,68203700
301,11/22/2021,6752.038086,6797.20222,6684.291884,6706.873952,66328300
302,11/23/2021,6752.038086,6774.620153,6684.291884,6684.291884,43477500
303,11/24/2021,6752.038086,6842.366355,6706.873952,6842.366355,35181400
304,11/25/2021,6706.874512,6797.202788,6706.874512,6729.456581,40216100
305,11/26/2021,6571.381836,6729.456313,6548.799768,6684.292177,113288400
306,11/29/2021,6684.29248,6706.87455,6481.053858,6571.382135,87907900
307,11/30/2021,6571.381836,6706.874245,6571.381836,6616.545972,144923700
308,12/1/2021,6593.963867,6729.456275,6571.381799,6571.381799,76538100
309,12/2/2021,6774.620117,6774.620117,6593.963581,6661.709782,66831000
310,12/3/2021,6661.710449,6797.202865,6639.12838,6797.202865,63283700
311,12/6/2021,6639.128418,6752.038765,6639.128418,6729.456696,56944100
312,12/7/2021,6639.128418,6752.038765,6639.128418,6729.456696,51258200
313,12/8/2021,6706.874512,6752.03865,6684.292443,6729.456581,74775000
314,12/9/2021,6639.128418,6729.456696,6639.128418,6684.292557,54886400
315,12/10/2021,6661.710449,6661.710449,6571.382172,6616.546311,91092400
316,12/13/2021,6593.963867,6684.292139,6593.963867,6661.710071,59977100
317,12/14/2021,6593.963867,6661.710071,6571.381799,6593.963867,49763600
318,12/15/2021,6593.963867,6661.710071,6571.381799,6593.963867,52477600
319,12/16/2021,6571.381836,6684.292177,6571.381836,6661.710109,95171400
320,12/17/2021,6774.620117,6774.620117,6593.963581,6616.545648,107096800
321,12/20/2021,6661.710449,6684.292519,6616.546311,6639.12838,74753000
322,12/21/2021,6661.710449,6684.292519,6616.546311,6616.546311,52386100
323,12/22/2021,6616.545898,6706.87417,6616.545898,6706.87417,33232000
324,12/23/2021,6593.963867,6639.128003,6593.963867,6616.545935,37136400
325,12/24/2021,6593.963867,6639.128003,6593.963867,6593.963867,30802100
326,12/27/2021,6639.128418,6639.128418,6593.964279,6593.964279,20722100
327,12/28/2021,6639.128418,6684.292557,6616.546349,6661.710487,39343800
328,12/29/2021,6593.963867,6661.710071,6593.963867,6639.128003,42079500
329,12/30/2021,6593.963867,6639.128003,6593.963867,6639.128003,49954700
330,1/3/2022,6616.545898,6684.292102,6593.963831,6616.545898,54287400
331,1/4/2022,6684.29248,6729.456619,6616.546273,6616.546273,70624000
332,1/5/2022,6729.455566,6797.201763,6661.709369,6729.455566,76164900
333,1/6/2022,6752.038086,6797.20222,6706.873952,6774.620153,63657100
334,1/7/2022,6910.112793,6955.276929,6774.620385,6819.784521,143433300
335,1/10/2022,6864.94873,6910.112867,6819.784594,6842.366662,45351900
336,1/11/2022,6955.276855,6955.276855,6887.530652,6910.11272,110334600
337,1/12/2022,6955.276855,6955.276855,6910.11272,6955.276855,62606000
338,1/13/2022,6955.276855,7000.440991,6910.11272,6955.276855,50025200
339,1/14/2022,7090.769531,7090.769531,6910.112983,6955.27712,65898700
340,1/17/2022,7000.440918,7135.933323,6955.276783,7135.933323,63902600
341,1/18/2022,6932.694824,7023.023096,6819.784485,7023.023096,71476300
342,1/19/2022,6932.694824,6977.85896,6842.366553,6910.112756,60389700
343,1/20/2022,7023.023438,7023.023438,6887.531024,6977.8593,59925500
344,1/21/2022,7181.097168,7181.097168,6955.276502,7023.022702,63370500
345,1/24/2022,7045.60498,7090.769115,7023.022913,7068.187048,40278300
346,1/25/2022,7023.023438,7023.023438,6887.531024,6932.695162,106796900
347,1/26/2022,6955.276855,7000.440991,6910.11272,6955.276855,53350200
348,1/27/2022,7045.60498,7045.60498,6887.53051,6887.53051,71945100
349,1/28/2022,7023.023438,7068.187575,6955.277231,7045.605506,70595000
350,1/31/2022,6887.530762,7023.02317,6887.530762,7023.02317,68122000
351,2/2/2022,7045.60498,7045.60498,6932.694644,7023.022913,65308100
352,2/3/2022,6977.858398,7068.186662,6955.276332,7045.604596,35100600
353,2/4/2022,6977.858398,7045.604596,6955.276332,7000.440464,39324700
354,2/7/2022,7045.60498,7045.60498,6955.276711,7023.022913,56813200
355,2/8/2022,6977.858398,7090.768729,6977.858398,7000.440464,61883100
356,2/9/2022,7181.097168,7181.097168,7045.604769,7090.768902,108922200
357,2/10/2022,7000.440918,7181.097458,7000.440918,7181.097458,93277000
358,2/11/2022,7068.1875,7068.1875,6910.113019,6932.695088,71968800
359,2/14/2022,6955.276855,7023.023059,6955.276855,7000.440991,57710700
360,2/15/2022,7113.351563,7113.351563,6977.859152,7000.44122,55617000
361,2/16/2022,7203.679688,7203.679688,7068.18728,7090.769348,77055100
362,2/17/2022,7135.933105,7158.515172,7045.604838,7090.768972,48704600
363,2/18/2022,7158.515137,7181.097203,7090.768937,7181.097203,56813400
364,2/21/2022,7181.097168,7203.679235,7135.933035,7158.515101,43821700
365,2/22/2022,7135.933105,7181.097239,7090.768972,7135.933105,80095500
366,2/23/2022,7271.42627,7316.590408,7113.351785,7135.933855,99240300
367,2/24/2022,7226.262207,7361.754623,7158.515999,7339.172554,124947700
368,2/25/2022,7271.42627,7384.336615,7158.515924,7181.097993,135899900
369,3/1/2022,7271.42627,7384.336615,7226.262131,7226.262131,136616800
370,3/2/2022,7203.679688,7429.500367,7203.679688,7429.500367,100301000
371,3/4/2022,7135.933105,7248.843439,7135.933105,7203.679306,132983400
372,3/7/2022,6955.276855,7090.769262,6955.276855,7045.605126,130990900
373,3/8/2022,6910.112793,7090.769337,6910.112793,6955.276929,119256500
374,3/9/2022,7090.769531,7181.097806,6910.112983,6955.27712,132814500
375,3/10/2022,7158.515137,7203.67927,7045.604803,7158.515137,86484000
376,3/11/2022,7181.097168,7181.097168,6977.858569,6977.858569,61053900
377,3/14/2022,7294.007813,7316.58988,7181.097475,7271.425745,78432100
378,3/15/2022,7361.754395,7406.918532,7294.008188,7361.754395,111214500
379,3/16/2022,7406.918457,7474.664662,7294.008115,7474.664662,149761300
380,3/17/2022,7226.262207,7497.24704,7226.262207,7497.24704,132439400
381,3/18/2022,7135.933105,7316.58964,7135.933105,7226.261373,143981700
382,3/21/2022,7135.933105,7181.097239,7045.604838,7045.604838,85485500
383,3/22/2022,7158.515137,7181.097203,7113.351003,7135.93307,60010900
384,3/23/2022,7135.933105,7181.097239,7068.186905,7158.515172,82208000
385,3/24/2022,7158.515137,7181.097203,7045.604803,7090.768937,95245100
386,3/25/2022,7181.097168,7181.097168,7135.933035,7135.933035,85101200
387,3/28/2022,7245.296387,7245.296387,7153.583774,7176.511927,83911500
388,3/29/2022,7199.439941,7245.296247,7176.511789,7222.368094,62180600
389,3/30/2022,7222.368164,7245.296317,7176.511858,7245.296317,71430600
390,3/31/2022,7314.081055,7337.009208,7222.36844,7268.224747,112691900
391,4/1/2022,7268.224121,7405.793032,7199.439666,7405.793032,105575400
392,4/4/2022,7245.296387,7268.22454,7176.511927,7268.22454,57321200
393,4/5/2022,7245.296387,7245.296387,7199.44008,7245.296387,48528300
394,4/6/2022,7107.727539,7199.440152,7107.727539,7176.511999,119263000
395,4/7/2022,7107.727539,7176.511999,7061.871232,7084.799386,68619400
396,4/8/2022,7199.439941,7222.368094,7130.655483,7153.583636,69791600
397,4/11/2022,7084.798828,7222.367737,7084.798828,7176.511434,62776200
398,4/12/2022,7153.583496,7153.583496,7061.870887,7084.799039,73471300
399,4/13/2022,7153.583496,7199.439801,7107.727192,7153.583496,57622100
400,4/14/2022,7061.871582,7153.5842,7061.871582,7153.5842,93342900
401,4/18/2022,7061.871582,7084.799737,6993.087119,7061.871582,68464700
402,4/19/2022,6993.086914,7061.871376,6993.086914,7061.871376,98632000
403,4/20/2022,7016.014648,7084.799106,6993.086496,7084.799106,124388800
404,4/21/2022,7268.224121,7268.224121,7107.727058,7153.583362,129323400
405,4/22/2022,7222.368164,7268.22447,7153.583705,7199.440011,85956100
406,4/25/2022,7337.009766,7337.009766,7176.512677,7222.368988,91279600
407,4/26/2022,7451.649902,7451.649902,7268.224674,7268.224674,128360900
408,4/27/2022,7520.434082,7520.434082,7405.793319,7405.793319,89463100
409,4/28/2022,7451.649902,7566.29067,7405.793595,7566.29067,133730600
410,5/9/2022,6970.158691,7245.296534,6970.158691,7222.368381,456796600
411,5/10/2022,6901.374023,6970.158482,6649.164342,6649.164342,268445700
412,5/11/2022,7016.014648,7061.870953,6832.589429,6901.373886,156535200
413,5/12/2022,6672.092773,6924.302466,6672.092773,6901.374312,240529600
414,5/13/2022,6717.949219,6855.518145,6649.164756,6649.164756,212968600
415,5/17/2022,6786.733398,6855.517859,6672.092632,6672.092632,159657600
416,5/18/2022,6947.22998,6947.22998,6763.804766,6878.445525,153514300
417,5/19/2022,6832.588867,6855.517018,6763.804416,6786.732566,140908900
418,5/20/2022,6786.733398,6855.517859,6786.733398,6809.661552,86520200
419,5/23/2022,6763.805664,6855.518283,6740.877509,6832.590128,71603500
420,5/24/2022,6740.877441,6855.518214,6717.949287,6717.949287,108710800
421,5/25/2022,6763.805664,6832.590128,6740.877509,6786.733819,76747400
422,5/27/2022,6947.22998,6947.22998,6855.517373,6901.373677,84336900
423,5/30/2022,6947.22998,6970.158132,6855.517373,6947.22998,105411400
424,5/31/2022,7107.727539,7107.727539,6901.374159,6970.158619,286292700
425,6/2/2022,6947.22998,7038.942587,6901.373677,6993.086284,149226300
426,6/3/2022,6970.158691,7038.943152,6947.230538,6970.158691,80563100
427,6/6/2022,6832.588867,6947.22962,6809.660717,6924.301469,81140300
428,6/7/2022,6763.805664,6855.518283,6695.0212,6695.0212,129242500
429,6/8/2022,6970.158691,6970.158691,6809.661616,6878.446077,108910500
430,6/9/2022,6878.445801,6947.230259,6878.445801,6878.445801,107828300
431,6/10/2022,6740.877441,6832.59006,6740.877441,6786.733751,111768600
432,6/13/2022,6740.877441,6786.733751,6672.092978,6695.021132,85539500
433,6/14/2022,6786.733398,6786.733398,6649.164478,6695.020785,80865100
434,6/15/2022,6717.949219,6763.805527,6695.021064,6695.021064,130367100
435,6/16/2022,6947.22998,6970.158132,6763.804766,6786.732918,132666300
436,6/17/2022,6878.445801,6924.302106,6809.661343,6809.661343,117839400
437,6/20/2022,6993.086914,7016.015068,6878.446145,6970.15876,88138700
438,6/21/2022,7016.014648,7016.014648,6924.302039,6970.158344,44295700
439,6/22/2022,6878.445801,7016.014717,6878.445801,6993.086564,53041800
440,6/23/2022,6901.374023,6947.230329,6832.589565,6832.589565,60443000
441,6/24/2022,6855.517578,6970.15834,6855.517578,6970.15834,57956600
442,6/27/2022,6740.877441,6878.446369,6740.877441,6855.518214,76354100
443,6/28/2022,6695.020996,6786.733612,6695.020996,6695.020996,146078100
444,6/29/2022,6672.092773,6786.733543,6672.092773,6717.949081,98517800
445,6/30/2022,6649.164063,6786.732974,6649.164063,6695.020366,101343900
446,7/1/2022,6649.164063,6717.948518,6649.164063,6695.020366,68738800
447,7/4/2022,6465.73877,6672.092135,6419.882466,6649.163983,102238600
448,7/5/2022,6649.164063,6717.948518,6511.595151,6511.595151,69172900
449,7/6/2022,6695.020996,6717.94915,6580.380226,6695.020996,66801100
450,7/7/2022,6511.595215,6649.164128,6511.595215,6626.235976,86126800
451,7/8/2022,6557.45166,6580.379813,6488.667202,6534.523507,64312400
452,7/11/2022,6534.523926,6603.308388,6534.523926,6603.308388,36830800
453,7/12/2022,6580.380371,6649.164835,6557.452216,6580.380371,34269000
454,7/13/2022,6419.883301,6534.524074,6419.883301,6511.595919,71988200
455,7/14/2022,6442.811035,6511.595495,6419.882882,6442.811035,83316300
456,7/15/2022,6419.883301,6511.595919,6419.883301,6511.595919,57419900
457,7/18/2022,6557.45166,6557.45166,6442.810897,6442.810897,60077700
458,7/19/2022,6580.380371,6580.380371,6511.595907,6511.595907,59641000
459,7/20/2022,6786.733398,6786.733398,6580.380018,6603.308171,105792900
460,7/21/2022,6786.733398,6786.733398,6649.164478,6786.733398,64337100
461,7/22/2022,6717.949219,6786.733682,6695.021064,6786.733682,38956500
462,7/25/2022,6695.020996,6763.805458,6695.020996,6740.877304,31247600
463,7/26/2022,6695.020996,6763.805458,6649.164688,6649.164688,44379900
464,7/27/2022,6717.949219,6740.877373,6672.09291,6717.949219,58465500
465,7/28/2022,6740.877441,6832.59006,6717.949287,6763.805596,86909700
466,7/29/2022,6740.877441,6855.518214,6740.877441,6786.733751,131553000
467,8/1/2022,6878.445801,6878.445801,6740.876885,6740.876885,104841600
468,8/2/2022,6970.158691,6993.086845,6878.446077,6970.158691,106466900
469,8/3/2022,6993.086914,6993.086914,6947.230606,6993.086914,60170600
470,8/4/2022,7153.583496,7153.583496,7016.014583,7038.942735,164221000
471,8/5/2022,7222.368164,7222.368164,7084.799247,7176.511858,118734200
472,8/8/2022,7222.368164,7268.22447,7107.7274,7222.368164,84328900
473,8/9/2022,7245.296387,7314.080846,7222.368234,7222.368234,92875800
474,8/10/2022,7245.296387,7245.296387,7084.799315,7153.583774,104376300
475,8/11/2022,7291.152344,7291.152344,7176.511584,7199.439736,73204700
476,8/12/2022,7268.224121,7314.080425,7199.439666,7268.224121,59381200
477,8/15/2022,7291.152344,7314.080496,7245.29604,7291.152344,81411000
478,8/16/2022,7314.081055,7314.081055,7199.440286,7291.152901,83556700
479,8/18/2022,7337.009766,7359.937921,7222.368988,7245.297144,86136900
480,8/19/2022,7245.296387,7382.865305,7245.296387,7382.865305,58194900
481,8/22/2022,7337.009766,7337.009766,7176.512677,7199.440833,97293300
482,8/23/2022,7245.296387,7337.008999,7245.296387,7337.008999,71671800
483,8/24/2022,7291.152344,7359.9368,7245.29604,7291.152344,108892400
484,8/25/2022,7405.793457,7428.72161,7245.296385,7337.008998,99503500
485,8/26/2022,7337.009766,7451.650543,7337.009766,7359.937921,80472400
486,8/29/2022,7474.578125,7474.578125,7291.152895,7337.009202,57762100
487,8/30/2022,7497.505859,7589.218469,7405.793249,7428.721402,124467000
488,8/31/2022,7520.434082,7543.362235,7382.865166,7405.793319,137659900
489,9/1/2022,7474.578125,7566.29074,7451.649971,7474.578125,74960800
490,9/2/2022,7543.362793,7543.362793,7474.57833,7474.57833,71430600
491,9/5/2022,7589.218262,7612.146414,7520.433806,7543.361958,62906000
492,9/6/2022,7589.218262,7658.002717,7566.29011,7612.146414,67079900
493,9/7/2022,7680.931641,7680.931641,7566.29087,7566.29087,117931700
494,9/8/2022,7658.003418,7795.572342,7658.003418,7703.859726,132777400
495,9/9/2022,7680.931641,7795.572411,7589.219024,7795.572411,91234600
496,9/12/2022,7680.931641,7726.787949,7635.075332,7635.075332,52395300
497,9/13/2022,7818.500488,7864.356796,7680.931565,7680.931565,124485200
498,9/14/2022,7795.571777,7933.140691,7680.931016,7680.931016,116642400
499,9/15/2022,8024.853027,8139.493785,7795.571512,7795.571512,190404800
500,9/16/2022,7749.716309,8001.926011,7749.716309,7978.997856,363127600
501,9/19/2022,7933.141602,8024.854221,7749.716362,7772.644517,102530600
502,9/20/2022,7841.428711,7933.141327,7841.428711,7841.428711,89238400
503,9/21/2022,7772.644043,7887.284811,7726.787736,7818.50035,90933700
504,9/22/2022,7772.644043,7818.50035,7680.931429,7680.931429,61908500
505,9/23/2022,7680.931641,7772.644257,7680.931641,7680.931641,60567600
506,9/26/2022,7726.787598,7795.572057,7520.43422,7520.43422,106228200
507,9/27/2022,7612.146484,7749.715397,7612.146484,7680.930941,89567100
508,9/28/2022,7635.074707,7726.787316,7566.29025,7566.29025,89153400
509,9/29/2022,7680.931641,7749.716103,7635.075332,7635.075332,62643700
510,9/30/2022,7841.428711,7864.356865,7589.219016,7680.931632,176524800
511,10/3/2022,7795.571777,7818.49993,7749.715473,7749.715473,115079600
512,10/4/2022,7841.428711,7910.213173,7818.500557,7818.500557,80524500
513,10/5/2022,7749.716309,7841.428928,7726.788154,7818.500773,63788000
514,10/6/2022,7726.787598,7795.572057,7726.787598,7772.643904,43967400
515,10/7/2022,7520.434082,7680.931151,7520.434082,7635.074845,112043400
516,10/10/2022,7612.146484,7680.930941,7451.64942,7474.577572,80238200
517,10/11/2022,7566.290527,7612.146834,7474.577915,7520.434221,64060000
518,10/12/2022,7635.074707,7635.074707,7497.505793,7520.433946,47569700
519,10/13/2022,7589.218262,7680.930869,7589.218262,7589.218262,62282800
520,10/14/2022,7566.290527,7658.00314,7566.290527,7612.146834,70642900
521,10/17/2022,7566.290527,7612.146834,7497.506068,7566.290527,56387500
522,10/18/2022,7612.146484,7772.643549,7566.29018,7589.218332,85665300
523,10/19/2022,7589.218262,7658.002717,7543.361958,7566.29011,66753500
524,10/20/2022,7795.571777,7795.571777,7566.290254,7566.290254,91812300
525,10/21/2022,7933.141602,8001.926066,7749.716362,7749.716362,122777800
526,10/24/2022,8162.42334,8162.42334,8001.926252,8024.854407,89416500
527,10/25/2022,7978.996582,8139.49364,7978.996582,8093.637338,84696300
528,10/26/2022,7841.428711,7933.141327,7841.428711,7910.213173,98962100
529,10/27/2022,7978.996582,7978.996582,7841.427675,7841.427675,77003400
530,10/28/2022,8024.853027,8024.853027,7933.140421,7933.140421,84980600
531,10/31/2022,8070.710449,8116.566759,8047.782295,8116.566759,138922800
532,11/1/2022,8070.710449,8254.135687,8001.925985,8254.135687,118118400
533,11/2/2022,8024.853027,8093.637482,8001.924876,8070.70933,68323600
534,11/3/2022,8070.710449,8093.638604,7978.99783,7978.99783,81856300
535,11/4/2022,8047.782715,8070.710871,7956.070091,8047.782715,84458300
536,11/7/2022,8116.566895,8116.566895,7956.069809,8001.926119,94794000
537,11/8/2022,8024.853027,8139.493785,8001.924876,8116.565633,42525500
538,11/9/2022,8139.494629,8139.494629,7956.069398,7956.069398,96599500
539,11/10/2022,8070.710449,8070.710449,8001.925985,8001.925985,89463000
540,11/11/2022,8116.566895,8185.35136,8093.638739,8162.423205,59597900
541,11/14/2022,8024.853027,8162.421936,8024.853027,8139.493785,49208200
542,11/15/2022,8070.710449,8116.566759,8024.85414,8047.782295,59092900
543,11/16/2022,7887.285156,7956.06962,7841.428847,7910.213311,143424800
544,11/17/2022,8001.925293,8093.637904,7887.284529,7910.212682,72679800
545,11/18/2022,8093.638184,8162.422644,8001.92557,8001.92557,83556900
546,11/21/2022,8001.925293,8162.422362,8001.925293,8139.494209,35901000
547,11/22/2022,8162.42334,8208.279651,8116.567029,8162.42334,84684200
548,11/23/2022,8139.494629,8231.207244,8139.494629,8162.422783,84642100
549,11/24/2022,8254.134766,8254.134766,8208.278461,8231.206613,53520800
550,11/25/2022,8231.208008,8254.136164,8162.42354,8254.136164,75048300
551,11/28/2022,8277.0625,8345.846953,8231.206198,8299.990651,96209700
552,11/29/2022,8231.208008,8322.920632,8185.351696,8231.208008,91562100
553,11/30/2022,8529.273438,8620.986055,8116.566658,8139.494813,644359600
554,12/1/2022,8254.134766,8575.128895,8254.134766,8506.344439,155775400
555,12/2/2022,8194.289063,8263.34206,8194.289063,8194.289063,130982100
556,12/5/2022,8079.201172,8194.289508,8079.201172,8102.218839,114656300
557,12/6/2022,7987.129395,8056.182386,7895.058739,8033.164722,180553800
558,12/7/2022,7779.971191,7895.059523,7779.971191,7826.006524,229308700
559,12/8/2022,7826.005859,7895.058852,7687.899874,7710.917538,172590100
560,12/9/2022,7895.060547,7918.078216,7779.972201,7826.007539,90851300
561,12/12/2022,8010.148926,8010.148926,7802.989902,7849.02524,102851800
562,12/13/2022,8010.148926,8010.148926,7872.04291,7941.095918,104580200
563,12/14/2022,7941.094727,8010.147724,7849.024063,7918.077061,118164300
564,12/15/2022,7826.005859,7918.076517,7826.005859,7895.058852,113255700
565,12/16/2022,7918.077148,7964.112481,7733.935819,7756.953486,181516700
566,12/19/2022,7964.113281,8010.148618,7918.077944,7964.113281,67482900
567,12/20/2022,7895.060547,7964.113555,7872.042878,7872.042878,41243700
568,12/21/2022,7987.129395,8010.147058,7895.058739,7918.076403,33617700
569,12/22/2022,7895.060547,7987.131224,7895.060547,7964.113555,59591500
570,12/23/2022,7826.005859,7895.058852,7826.005859,7849.023524,47393000
571,12/26/2022,7895.060547,7941.095885,7826.007539,7826.007539,20495900
572,12/27/2022,7918.077148,7964.112481,7895.059482,7918.077148,27193800
573,12/28/2022,7964.113281,7964.113281,7872.042607,7964.113281,40420200
574,12/29/2022,7895.060547,7918.078216,7826.007539,7849.025208,47020900
575,12/30/2022,7872.04248,7964.113153,7872.04248,7895.060149,44681400
576,1/2/2023,7872.04248,7918.077817,7826.007144,7895.060149,10653900
577,1/3/2023,7872.04248,7918.077817,7849.024812,7872.04248,27399100
578,1/4/2023,7687.900879,7895.059885,7687.900879,7849.02455,90918800
579,1/5/2023,7595.830078,7710.918413,7503.759411,7687.900746,128838500
580,1/6/2023,7641.865234,7664.882901,7457.723903,7457.723903,69286600
581,1/9/2023,7779.971191,7779.971191,7664.88286,7664.88286,86916900
582,1/10/2023,7526.776855,7756.953518,7503.759189,7733.935851,101759100
583,1/11/2023,7480.741699,7503.759366,7365.653365,7411.688699,96069100
584,1/12/2023,7526.776855,7618.84752,7480.741523,7503.759189,103804600
585,1/13/2023,7411.688477,7526.776807,7388.67081,7503.759141,119748200
586,1/16/2023,7503.759277,7549.79461,7411.688611,7411.688611,105710700
587,1/17/2023,7664.882813,7710.918145,7503.75915,7526.776816,88695900
588,1/18/2023,7641.865234,7664.882901,7526.776903,7549.794569,96814600
589,1/19/2023,7664.882813,7687.900479,7595.829814,7687.900479,66391800
590,1/20/2023,7641.865234,7664.882901,7595.829902,7618.847568,96859500
591,1/24/2023,7572.8125,7687.900836,7572.8125,7641.865502,42474500
592,1/25/2023,7549.794922,7641.865592,7549.794922,7641.865592,66124500
593,1/26/2023,7802.989746,7802.989746,7572.813057,7572.813057,77582300
594,1/27/2023,8010.148926,8148.254942,7872.04291,8010.148926,196804700
595,1/30/2023,8010.148926,8079.201934,7895.060579,8033.166595,68544300
596,1/31/2023,7802.989746,7987.131097,7802.989746,7941.095759,200589000
597,2/1/2023,7826.005859,7895.058852,7779.970531,7895.058852,77396200
598,2/2/2023,7779.971191,7849.02419,7733.935859,7756.953525,99109500
599,2/3/2023,8010.148926,8010.148926,7826.007571,7872.04291,71716700
600,2/6/2023,8033.165527,8056.183194,7964.112529,8056.183194,117757700
601,2/7/2023,8148.253418,8148.253418,8056.182758,8079.200423,116014700
602,2/8/2023,8125.236328,8148.253995,8102.218661,8125.236328,54495500
603,2/9/2023,8194.289063,8194.289063,8102.218399,8125.236065,72381700
604,2/10/2023,8125.236328,8194.289328,8010.147995,8171.271661,62060900
605,2/13/2023,8171.271973,8194.28964,8079.201303,8171.271973,63775000
606,2/14/2023,8240.325195,8240.325195,8125.236855,8148.254523,81678200
607,2/15/2023,8171.271973,8194.28964,8056.183635,8171.271973,38037000
608,2/16/2023,8010.148926,8148.254942,8010.148926,8125.237272,66040400
609,2/17/2023,8033.165527,8148.253859,8033.165527,8079.20086,43588900
610,2/20/2023,8056.182617,8125.235611,8010.147288,8033.164953,40077000
611,2/21/2023,8010.148926,8102.219603,8010.148926,8079.201934,25390500
612,2/22/2023,7987.129395,8056.182386,7941.094067,8010.147058,38671900
613,2/23/2023,8033.165527,8056.183194,7941.094862,7941.094862,53412300
614,2/24/2023,7987.129395,8148.253042,7987.129395,8079.20005,44123400
615,2/27/2023,8079.201172,8079.201172,7964.112836,7987.130503,59983900
616,2/28/2023,8056.182617,8079.200282,7987.129623,8079.200282,106349400
617,3/1/2023,7918.077148,8056.183145,7918.077148,8033.165479,67034700
618,3/2/2023,7941.094727,8010.147724,7918.077061,7918.077061,56672000
619,3/3/2023,7802.989746,7987.131097,7802.989746,7964.113428,95376900
620,3/6/2023,7733.936035,7872.042036,7733.936035,7872.042036,92652000
621,3/7/2023,7756.953613,7802.988946,7687.900614,7687.900614,106115600
622,3/8/2023,7895.060547,7895.060547,7733.936862,7733.936862,79350900
623,3/9/2023,7895.060547,7964.113555,7872.042878,7964.113555,54201400
624,3/10/2023,7779.971191,7872.041856,7779.971191,7826.006524,59580100
625,3/13/2023,7872.04248,7941.095485,7779.971808,7779.971808,82077700
626,3/14/2023,7664.882813,7802.988809,7664.882813,7756.953477,90495300
627,3/15/2023,7664.882813,7802.988809,7664.882813,7779.971143,86747400
628,3/16/2023,7641.865234,7687.900567,7595.829902,7641.865234,105894000
629,3/17/2023,7710.918457,7779.971458,7664.883123,7710.918457,198558600
630,3/20/2023,7733.936035,7802.989035,7710.918368,7733.936035,37277900
631,3/21/2023,7826.005859,7826.005859,7710.917538,7733.935202,91617400
632,3/24/2023,8125.236328,8125.236328,7941.094995,8010.147995,145603600
633,3/27/2023,8010.148926,8125.237272,8010.148926,8125.237272,110692800
634,3/28/2023,7987.129395,8102.217714,7987.129395,8102.217714,98296600
635,3/29/2023,8264.166992,8264.166992,8099.822762,8146.778257,101068200
636,3/30/2023,8287.644531,8358.077771,8264.166785,8358.077771,118912100
637,3/31/2023,8217.211914,8311.122907,8193.734166,8287.645159,97146900
638,4/3/2023,8264.166992,8287.644739,8217.211498,8287.644739,60288900
639,4/4/2023,8240.689453,8287.644949,8123.300714,8287.644949,60975800
640,4/5/2023,8193.733398,8264.166637,8193.733398,8240.688891,36922100
641,4/6/2023,8217.211914,8240.689662,8170.256417,8170.256417,45489400
642,4/10/2023,8264.166992,8264.166992,8170.256004,8193.733751,32996000
643,4/11/2023,8287.644531,8287.644531,8217.211292,8287.644531,44554300
644,4/12/2023,8358.078125,8358.078125,8287.644882,8358.078125,91903600
645,4/13/2023,8381.555664,8405.033411,8334.60017,8405.033411,51726500
646,4/14/2023,8451.989258,8451.989258,8405.033762,8451.989258,110354200
647,4/17/2023,8475.466797,8498.944544,8358.07806,8475.466797,83946900
648,4/18/2023,8569.37793,8616.333425,8475.466939,8498.944686,91178700
649,4/26/2023,8639.811523,8639.811523,8451.989534,8569.378277,186928200
650,4/27/2023,8592.855469,8616.333216,8522.422227,8545.899974,54842400
651,4/28/2023,8498.944336,8569.377576,8498.944336,8545.89983,145775300
652,5/2/2023,8498.944336,8545.89983,8358.077855,8545.89983,83645900
653,5/3/2023,8381.555664,8498.944399,8334.60017,8498.944399,83728800
654,5/4/2023,8451.989258,8475.467006,8334.600518,8381.556014,67565000
655,5/5/2023,8451.989258,8498.944754,8405.033762,8451.989258,64815100
656,5/8/2023,8451.989258,8522.422502,8405.033762,8451.989258,84754500
657,5/9/2023,8381.555664,8428.511158,8358.077917,8405.033411,40929600
658,5/10/2023,8381.555664,8405.033411,8358.077917,8381.555664,45322600
659,5/11/2023,8287.644531,8358.077771,8264.166785,8358.077771,81993900
660,5/12/2023,8264.166992,8334.600234,8193.733751,8217.211498,96525600
661,5/15/2023,8240.689453,8334.600444,8193.733958,8334.600444,64830300
662,5/16/2023,8170.256348,8287.645088,8170.256348,8264.16734,49497000
663,5/17/2023,8240.689453,8311.122696,8217.211705,8240.689453,69996100
664,5/19/2023,8451.989258,8451.989258,8287.645022,8358.078266,123592500
665,5/22/2023,8451.989258,8522.422502,8381.556014,8451.989258,91000000
666,5/23/2023,8569.37793,8592.855677,8475.466939,8498.944686,102980500
667,5/24/2023,8475.466797,8639.811028,8475.466797,8639.811028,77392900
668,5/25/2023,8498.944336,8592.855323,8498.944336,8545.89983,76325700
669,5/26/2023,8592.855469,8639.810963,8545.899974,8616.333216,55675900
670,5/29/2023,8592.855469,8686.766457,8522.422227,8686.766457,79148200
671,5/30/2023,8686.766602,8757.199844,8592.855611,8639.811106,97189500
672,5/31/2023,8498.944336,8757.199551,8498.944336,8733.721804,722827900
673,6/5/2023,8639.811523,8757.200267,8545.900529,8592.856026,163535600
674,6/6/2023,8592.855469,8639.810963,8498.94448,8498.94448,74872200
675,6/7/2023,8545.900391,8616.333636,8522.422642,8569.378139,87492200
676,6/8/2023,8569.37793,8569.37793,8522.422434,8522.422434,53188400
677,6/9/2023,8545.900391,8616.333636,8545.900391,8616.333636,44632400
678,6/12/2023,8592.855469,8592.855469,8545.899974,8592.855469,38082300
679,6/13/2023,8592.855469,8616.333216,8545.899974,8616.333216,45552600
680,6/14/2023,8522.422852,8569.378349,8498.945103,8545.9006,72223700
681,6/15/2023,8498.944336,8545.89983,8498.944336,8545.89983,59073000
682,6/16/2023,8498.944336,8545.89983,8428.511096,8545.89983,112769400
683,6/19/2023,8451.989258,8498.944754,8451.989258,8451.989258,32330600
684,6/20/2023,8498.944336,8498.944336,8405.033349,8475.466589,54990100
685,6/21/2023,8569.37793,8569.37793,8451.989191,8498.944686,42676300
686,6/22/2023,8498.944336,8592.855323,8498.944336,8569.377576,48291100
687,6/23/2023,8498.944336,8592.855323,8475.466589,8475.466589,47813500
688,6/26/2023,8522.422852,8569.378349,8475.467354,8475.467354,36389900
689,6/27/2023,8592.855469,8592.855469,8498.94448,8498.94448,36225100
690,7/3/2023,8522.422852,8522.422852,8475.467354,8475.467354,108855900
691,7/4/2023,8498.944336,8592.855323,8498.944336,8592.855323,35049300
692,7/5/2023,8498.944336,8522.422083,8475.466589,8498.944336,44609200
693,7/6/2023,8522.422852,8545.9006,8475.467354,8498.945103,52532400
694,7/7/2023,8475.466797,8545.900039,8475.466797,8475.466797,37641300
695,7/10/2023,8498.944336,8545.89983,8498.944336,8545.89983,28981500
696,7/11/2023,8475.466797,8545.900039,8475.466797,8545.900039,43703500
697,7/12/2023,8616.333008,8616.333008,8498.944275,8522.422021,61566500
698,7/13/2023,8569.37793,8663.288921,8569.37793,8639.811173,65230900
699,7/14/2023,8639.811523,8639.811523,8569.378277,8616.333775,55554500
700,7/17/2023,8616.333008,8686.766248,8616.333008,8639.810754,62550100
701,7/18/2023,8592.855469,8686.766457,8545.899974,8639.810963,52924600
702,7/20/2023,8592.855469,8663.28871,8569.377722,8639.810963,83476600
703,7/21/2023,8592.855469,8616.333216,8569.377722,8592.855469,42667800
704,7/24/2023,8545.900391,8639.811384,8545.900391,8639.811384,62061200
705,7/25/2023,8592.855469,8733.721952,8592.855469,8616.333216,122802700
706,7/26/2023,8780.677734,8780.677734,8569.378003,8616.333499,113868700
707,7/27/2023,8663.289063,8827.633299,8663.289063,8827.633299,77848400
708,7/28/2023,8569.37793,8663.288921,8569.37793,8639.811173,74510200
709,7/31/2023,8569.37793,8639.811173,8545.900182,8616.333425,80868000
710,8/1/2023,8569.37793,8616.333425,8545.900182,8616.333425,49756400
711,8/2/2023,8639.811523,8639.811523,8569.378277,8569.378277,60629900
712,8/3/2023,8686.766602,8733.722097,8592.855611,8592.855611,64596100
713,8/4/2023,8592.855469,8710.244205,8569.377722,8686.766457,52675900
714,8/7/2023,8710.244141,8710.244141,8592.855406,8592.855406,55589300
715,8/8/2023,8639.811523,8733.722518,8639.811523,8710.24477,43373400
716,8/9/2023,8827.633789,8827.633789,8686.767292,8710.245042,77056800
717,8/10/2023,8827.633789,8851.111539,8780.67829,8827.633789,76738100
718,8/11/2023,8827.633789,8874.589288,8804.15604,8851.111539,68898600
719,8/14/2023,8780.677734,8780.677734,8663.288995,8757.199986,75495400
720,8/15/2023,8733.722656,8804.155903,8733.722656,8757.200405,59303700
721,8/16/2023,8733.722656,8757.200405,8686.767158,8710.244907,53440000
722,8/18/2023,8686.766602,8780.677592,8686.766602,8686.766602,79328900
723,8/21/2023,8616.333008,8686.766248,8616.333008,8663.288501,73573000
724,8/22/2023,8733.722656,8757.200405,8592.856162,8592.856162,65664600
725,8/23/2023,8733.722656,8757.200405,8710.244907,8733.722656,63749800
726,8/24/2023,8639.811523,8757.200267,8639.811523,8686.767021,53725900
727,8/25/2023,8710.244141,8710.244141,8616.333153,8639.8109,50379000
728,8/28/2023,8639.811523,8686.767021,8639.811523,8686.767021,44423100
729,8/29/2023,8686.766602,8733.722097,8639.811106,8710.244349,45428500
730,8/30/2023,8639.811523,8733.722518,8639.811523,8733.722518,56227000
731,8/31/2023,8616.333008,8663.288501,8545.899768,8639.810754,136107200
732,9/1/2023,8663.289063,8710.244559,8616.333566,8639.811314,42152700
733,9/4/2023,8663.289063,8710.244559,8616.333566,8663.289063,40610600
734,9/5/2023,8663.289063,8686.766811,8639.811314,8686.766811,42007200
735,9/6/2023,8592.855469,8686.766457,8592.855469,8639.810963,49318400
736,9/7/2023,8616.333008,8616.333008,8545.899768,8569.377515,61405200
737,9/8/2023,8569.37793,8592.855677,8498.944686,8545.900182,80732300
738,9/11/2023,8569.37793,8569.37793,8522.422434,8522.422434,53155900
739,9/12/2023,8545.900391,8569.378139,8522.422642,8545.900391,66479000
740,9/13/2023,8522.422852,8522.422852,8451.989605,8498.945103,69490200
741,9/14/2023,8545.900391,8569.378139,8451.989397,8451.989397,112757900
742,9/15/2023,8451.989258,8545.90025,8451.989258,8498.944754,121005300
743,9/18/2023,8451.989258,8522.422502,8451.989258,8498.944754,34272200
744,9/19/2023,8522.422852,8522.422852,8428.511856,8451.989605,33325800
745,9/20/2023,8592.855469,8616.333216,8522.422227,8569.377722,54305500
746,9/21/2023,8569.37793,8592.855677,8522.422434,8569.37793,40607000
747,9/22/2023,8522.422852,8592.856098,8522.422852,8569.378349,42445300
748,9/25/2023,8451.989258,8522.422502,8451.989258,8522.422502,56132200
749,9/26/2023,8405.033203,8475.466442,8405.033203,8451.988696,73544700
750,9/27/2023,8334.600586,8451.989327,8334.600586,8358.078334,84345000
751,9/29/2023,8287.644531,8358.077771,8287.644531,8287.644531,118960000
752,10/2/2023,8522.422852,8545.9006,8334.60086,8358.078609,93663000
753,10/3/2023,8639.811523,8639.811523,8475.467283,8522.42278,98380200
754,10/4/2023,8639.811523,8686.767021,8569.378277,8639.811523,112582800
755,10/5/2023,8522.422852,8639.811596,8522.422852,8639.811596,72855700
756,10/6/2023,8475.466797,8545.900039,8475.466797,8545.900039,53344400
757,10/9/2023,8498.944336,8569.377576,8475.466589,8475.466589,43774500
758,10/10/2023,8381.555664,8451.988905,8381.555664,8451.988905,71966100
759,10/11/2023,8381.555664,8475.466652,8381.555664,8381.555664,84305800
760,10/12/2023,8498.944336,8545.89983,8451.988842,8451.988842,71064500
761,10/13/2023,8522.422852,8569.378349,8475.467354,8545.9006,62941800
762,10/16/2023,8545.900391,8569.378139,8498.944894,8569.378139,29429200
763,10/17/2023,8405.033203,8522.421935,8405.033203,8498.944189,59606000
764,10/18/2023,8311.123047,8405.034042,8311.123047,8381.556293,50919200
765,10/19/2023,8217.211914,8311.122907,8217.211914,8287.645159,89509700
766,10/20/2023,8428.511719,8475.467216,8193.734234,8193.734234,64554500
767,10/23/2023,8311.123047,8381.556293,8311.123047,8334.600796,50633500
768,10/24/2023,8240.689453,8334.600444,8240.689453,8240.689453,76963200
769,10/25/2023,8334.600586,8381.556082,8287.64509,8287.64509,54748400
770,10/26/2023,8193.733398,8405.033114,8193.733398,8381.555367,63199400
771,10/27/2023,8170.256348,8264.16734,8170.256348,8193.734096,52450700
772,10/30/2023,8311.123047,8311.123047,8170.256555,8170.256555,51958200
773,10/31/2023,8217.211914,8287.645159,8193.734166,8264.167411,64907600
774,11/1/2023,8076.346191,8240.690445,8076.346191,8217.212695,67027600
775,11/2/2023,8311.123047,8358.078544,8193.734303,8193.734303,56050900
776,11/3/2023,8358.078125,8405.03362,8311.12263,8381.555873,60414100
777,11/6/2023,8498.944336,8498.944336,8405.033349,8428.511096,84994200
778,11/7/2023,8428.511719,8475.467216,8358.078473,8451.989467,60648200
779,11/8/2023,8451.989258,8451.989258,8358.078266,8405.033762,31829300
780,11/9/2023,8451.989258,8498.944754,8358.078266,8358.078266,46076800
781,11/10/2023,8287.644531,8451.988757,8287.644531,8405.033264,50754600
782,11/13/2023,8334.600586,8381.556082,8311.122838,8334.600586,20827700
783,11/14/2023,8381.555664,8405.033411,8334.60017,8358.077917,37195700
784,11/15/2023,8498.944336,8498.944336,8405.033349,8428.511096,84977900
785,11/16/2023,8522.422852,8522.422852,8405.034107,8498.945103,48714300
786,11/17/2023,8522.422852,8522.422852,8428.511856,8475.467354,57050500
787,11/20/2023,8334.600586,8475.467075,8334.600586,8428.511578,49216000
788,11/21/2023,8240.689453,8358.078192,8240.689453,8287.644949,107614800
789,11/22/2023,8334.600586,8334.600586,8240.689593,8240.689593,40364800
790,11/23/2023,8381.555664,8428.511158,8311.122423,8311.122423,55542100
791,11/24/2023,8381.555664,8428.511158,8358.077917,8381.555664,43631900
792,11/27/2023,8334.600586,8405.03383,8334.600586,8358.078334,35679000
793,11/28/2023,8334.600586,8405.03383,8311.122838,8334.600586,69070600
794,11/29/2023,8358.078125,8405.03362,8358.078125,8358.078125,54715600
795,11/30/2023,8428.511719,8428.511719,8358.078473,8381.556222,205312100
796,12/1/2023,8405.033203,8428.51095,8358.07771,8381.555457,80566400
797,12/4/2023,8421.546875,8515.905944,8421.546875,8445.136642,54747400
798,12/5/2023,8397.957031,8445.136565,8327.18773,8445.136565,94363900
799,12/6/2023,8303.597656,8445.136253,8303.597656,8350.777188,81852800
800,12/7/2023,8327.1875,8327.1875,8232.828435,8256.418201,91322500
801,12/8/2023,8256.417969,8350.777031,8256.417969,8303.5975,43891600
802,12/11/2023,8256.417969,8280.007734,8185.648672,8185.648672,78642800
803,12/12/2023,8209.239258,8256.418794,8209.239258,8209.239258,87589300
804,12/13/2023,8185.648438,8256.417732,8185.648438,8209.238202,51560500
805,12/14/2023,8539.496094,8539.496094,8256.418875,8280.008643,115332800
806,12/15/2023,8704.624023,8704.624023,8563.085421,8610.264955,275013500
807,12/18/2023,8681.03418,8704.623946,8633.854646,8681.03418,111712200
808,12/19/2023,8728.212891,8728.212891,8610.264068,8610.264068,65174500
809,12/20/2023,8775.392578,8775.392578,8704.623283,8728.213048,72938100
810,12/21/2023,8798.982422,8798.982422,8728.213126,8775.392657,88116700
811,12/22/2023,8798.982422,8822.572187,8751.802891,8751.802891,64449600
812,12/27/2023,8846.162109,8869.751875,8798.982578,8846.162109,64464700
813,12/28/2023,8869.751953,8893.341719,8798.982656,8798.982656,70184600
814,12/29/2023,8869.751953,8916.931485,8822.572421,8893.341719,79903400
815,1/2/2024,8893.341797,8893.341797,8822.572499,8869.752031,30545200
816,1/3/2024,8822.573242,8893.342546,8798.983474,8893.342546,34603300
817,1/4/2024,8940.522461,8940.522461,8846.163385,8869.753154,56501800
818,1/5/2024,9034.880859,9058.470627,8940.52179,8964.111558,85290100
819,1/8/2024,9034.880859,9082.060394,8940.52179,9058.470627,50896000
820,1/9/2024,9082.060547,9082.060547,9034.881012,9058.470779,59848600
821,1/10/2024,9011.291992,9105.651071,9011.291992,9105.651071,52774900
822,1/11/2024,9034.880859,9105.650161,9034.880859,9082.060394,39381500
823,1/12/2024,9152.829102,9152.829102,9058.470039,9105.64957,68253400
824,1/15/2024,9176.418945,9200.008711,9105.649648,9200.008711,88399500
825,1/16/2024,9152.829102,9200.008633,9129.239336,9152.829102,44869200
826,1/17/2024,9200.007813,9200.007813,9105.648758,9200.007813,107706100
827,1/18/2024,9129.240234,9200.009539,9082.060698,9129.240234,71048900
828,1/19/2024,9082.060547,9223.599153,9058.470779,9223.599153,63176500
829,1/22/2024,9082.060547,9105.650315,8987.701476,9058.470779,52868300
830,1/23/2024,9058.470703,9058.470703,8916.932098,8916.932098,92348600
831,1/24/2024,8987.701172,9058.470472,8940.521638,9058.470472,84906000
832,1/25/2024,8964.111328,9034.880628,8916.931795,8916.931795,63212700
833,1/26/2024,8822.573242,8916.932314,8775.393706,8869.752778,78977300
834,1/29/2024,9011.291992,9011.291992,8846.163605,8869.753375,73452800
835,1/30/2024,9105.650391,9105.650391,8940.522016,8964.111784,73136400
836,1/31/2024,9011.291992,9152.83061,9011.291992,9152.83061,102581200
837,2/1/2024,9152.829102,9176.418867,9034.880273,9105.64957,104208700
838,2/2/2024,9152.829102,9247.188164,9082.059804,9223.598399,99324000
839,2/5/2024,9034.880859,9129.239928,8987.701325,9129.239928,57983300
840,2/6/2024,9082.060547,9200.009385,9082.060547,9200.009385,87651000
841,2/7/2024,9152.829102,9176.418867,9105.64957,9152.829102,92953500
842,2/12/2024,9247.188477,9247.188477,9152.82941,9200.008944,87949400
843,2/13/2024,9176.418945,9247.188243,9152.829179,9200.008711,66072400
844,2/15/2024,9294.368164,9412.316999,9294.368164,9388.727232,164748900
845,2/16/2024,9388.726563,9435.906093,9317.957267,9412.316328,142277200
846,2/19/2024,9317.958008,9412.317076,9270.778474,9341.547775,53341300
847,2/20/2024,9459.496094,9459.496094,9294.367733,9294.367733,63997700
848,2/21/2024,9412.317383,9435.907151,9294.368543,9388.727615,75371600
849,2/22/2024,9317.958008,9412.317076,9317.958008,9412.317076,66913000
850,2/23/2024,9270.77832,9365.137387,9247.188554,9341.54762,55192300
851,2/26/2024,9247.188477,9317.957776,9176.419177,9200.008944,41356000
852,2/27/2024,9317.958008,9341.547775,9200.009172,9200.009172,43735800
853,2/28/2024,9435.907227,9435.907227,9341.548154,9412.317458,54043100
854,2/29/2024,9317.958008,9435.906843,9294.368241,9435.906843,126671200
855,3/1/2024,9270.77832,9365.137387,9247.188554,9341.54762,51520600
856,3/4/2024,9200.007813,9270.777103,9200.007813,9247.18734,43822900
857,3/5/2024,9247.188477,9341.547543,9223.59871,9341.547543,61952900
858,3/6/2024,9388.726563,9435.906093,9223.598206,9341.547032,70242200
859,3/7/2024,9553.856445,9601.035983,9435.9076,9483.087138,118369300
860,3/8/2024,9577.445313,9718.983913,9553.855546,9671.80438,100947200
861,3/13/2024,9435.907227,9813.343516,9435.907227,9813.343516,141622600
862,3/14/2024,9742.574219,9742.574219,9459.497002,9483.08677,110681100
863,3/15/2024,9577.445313,9718.983913,9483.086245,9624.624846,154176800
864,3/18/2024,9577.445313,9695.394146,9577.445313,9601.035079,62444100
865,3/19/2024,9601.035156,9671.804457,9577.445389,9577.445389,55004800
866,3/20/2024,9553.856445,9577.446214,9506.676907,9530.266676,66269700
867,3/21/2024,9553.856445,9648.215521,9483.087138,9601.035983,90279400
868,3/22/2024,9530.265625,9553.855391,9388.727027,9435.906559,91968200
869,3/25/2024,9725.746094,9725.746094,9580.945904,9725.746094,66971000
870,3/26/2024,9701.613281,9701.613281,9605.079816,9701.613281,65742700
871,3/27/2024,9725.746094,9725.746094,9653.345999,9677.479364,39514100
872,3/28/2024,9725.746094,9749.879459,9629.212634,9677.479364,79229700
873,4/1/2024,9508.545898,9749.879551,9484.412533,9725.746185,79248700
874,4/2/2024,9556.8125,9605.07923,9460.27904,9580.945865,76763100
875,4/3/2024,9194.8125,9460.279528,9194.8125,9412.012795,177418400
876,4/4/2024,9508.545898,9508.545898,9243.078881,9243.078881,75993500
877,4/5/2024,9484.412109,9605.07893,9484.412109,9605.07893,70428600
878,4/16/2024,9146.545898,9243.079364,8929.3456,9025.879066,283265900
879,4/17/2024,9194.8125,9339.612697,9194.8125,9218.945866,95620700
880,4/18/2024,9146.545898,9243.079364,9122.412532,9194.812631,127134000
881,4/19/2024,9146.545898,9170.679265,8977.612333,9025.879066,147784300
882,4/22/2024,9025.878906,9098.279004,9025.878906,9074.145638,128908000
883,4/23/2024,9387.878906,9436.145636,9074.145164,9074.145164,178833000
884,4/24/2024,9605.079102,9605.079102,9412.012185,9484.412279,132832700
885,4/25/2024,9436.145508,9653.345788,9363.745414,9653.345788,104874100
886,4/26/2024,9291.345703,9484.412627,9291.345703,9363.7458,100932900
887,4/29/2024,9460.279297,9508.546028,9194.812276,9194.812276,90063500
888,4/30/2024,9460.279297,9701.612952,9460.279297,9701.612952,109623000
889,5/2/2024,9218.946289,9556.813431,9170.679555,9556.813431,97079400
890,5/3/2024,9508.545898,9508.545898,9339.612342,9412.012438,81200400
891,5/6/2024,9460.279297,9532.679394,9436.145931,9508.546028,53076200
892,5/7/2024,9363.745117,9412.011845,9291.345026,9363.745117,66746800
893,5/8/2024,9050.011719,9363.745458,9050.011719,9267.212,112808900
894,5/13/2024,9194.8125,9194.8125,8881.07874,8881.07874,145469900
895,5/14/2024,9218.946289,9339.613125,9194.812922,9291.346391,95363500
896,5/15/2024,9170.678711,9267.212171,9098.278616,9170.678711,54741900
897,5/16/2024,9267.212891,9339.612991,9194.81279,9243.079524,61126000
898,5/17/2024,9412.011719,9508.545172,9243.078175,9267.211538,99848500
899,5/20/2024,9146.545898,9460.279663,9146.545898,9363.746197,87890100
900,5/21/2024,9050.011719,9243.078635,9050.011719,9122.411813,75311400
901,5/22/2024,9098.27832,9243.078506,9001.744863,9146.545049,121712700
902,5/27/2024,8977.611328,9050.011419,8953.477964,8977.611328,128578500
903,5/28/2024,8977.611328,9074.144783,8977.611328,8977.611328,73945700
904,5/29/2024,8832.8125,9001.746072,8832.8125,8953.479337,117351600
905,5/30/2024,8688.011719,8929.345378,8470.811426,8688.011719,207115100
906,5/31/2024,8929.344727,8929.344727,8712.144449,8784.544542,756431600
907,6/3/2024,8953.478516,9025.878611,8905.211785,9025.878611,72197700
908,6/4/2024,9025.878906,9194.812469,9025.878906,9194.812469,75353100
909,6/5/2024,9122.412109,9170.67884,8977.611917,9170.67884,82087300
910,6/6/2024,9146.545898,9194.812631,9122.412532,9194.812631,44991300
911,6/7/2024,9001.745117,9170.678672,9001.745117,9170.678672,51599800
912,6/10/2024,9194.8125,9194.8125,9122.412402,9170.679134,45584700
913,6/11/2024,8977.611328,9218.944966,8977.611328,9218.944966,68690900
914,6/12/2024,8929.344727,9001.744819,8929.344727,8977.611455,49785700
915,6/13/2024,8881.078125,9146.545134,8881.078125,9146.545134,84652200
916,6/14/2024,8881.078125,8929.344854,8784.544667,8881.078125,52986300
917,6/19/2024,8736.27832,8929.345245,8736.27832,8929.345245,100051000
918,6/20/2024,9098.27832,9098.27832,8784.544585,8832.811314,81474800
919,6/21/2024,9267.212891,9339.612991,9074.145955,9146.546056,166841200
920,6/24/2024,9267.212891,9412.013092,9243.079524,9267.212891,79592300
921,6/25/2024,9267.212891,9267.212891,9122.412689,9267.212891,80029000
922,6/26/2024,9170.678711,9315.478901,9122.411981,9194.812076,77913200
923,6/27/2024,9412.011719,9412.011719,9218.944812,9243.078175,89150700
924,6/28/2024,9580.946289,9629.213021,9436.146093,9460.279459,166172300
925,7/1/2024,9532.679688,9556.813054,9484.412955,9508.546321,68634600
926,7/2/2024,9556.8125,9653.34596,9508.54577,9653.34596,78848500
927,7/3/2024,9653.34668,9653.34668,9580.94658,9629.213313,55860200
928,7/4/2024,9484.412109,9653.345658,9484.412109,9629.212294,67054000
929,7/5/2024,9605.079102,9629.212466,9532.679008,9580.945737,36946900
930,7/8/2024,9701.613281,9701.613281,9605.079816,9653.346549,72903600
931,7/9/2024,9725.746094,9798.146189,9725.746094,9749.879459,61853200
932,7/10/2024,9749.879883,9870.546713,9701.613151,9822.279981,62325900
933,7/11/2024,9725.746094,9774.012824,9653.345999,9653.345999,55908400
934,7/12/2024,9725.746094,9749.879459,9677.479364,9701.612729,62646500
935,7/15/2024,9701.613281,9725.746648,9605.079816,9701.613281,36682600
936,7/16/2024,9605.079102,9677.479195,9605.079102,9629.212466,37192700
937,7/17/2024,9460.279297,9605.07949,9460.279297,9556.812759,90666000
938,7/18/2024,9749.879883,9749.879883,9460.27949,9460.27949,65383200
939,7/19/2024,9774.013672,9774.013672,9629.213469,9701.613571,53880300
940,7/22/2024,9749.879883,9798.146615,9749.879883,9774.013249,31285300
941,7/23/2024,9822.280273,9846.41364,9774.01354,9846.41364,39321100
942,7/24/2024,9725.746094,9822.279554,9725.746094,9774.012824,24658000
943,7/25/2024,9942.946289,9942.946289,9846.41283,9870.546195,98088100
944,7/26/2024,9967.080078,10039.48018,9942.946712,10015.34681,75565800
945,7/29/2024,9894.679688,10063.61324,9822.279592,10039.47988,69092500
946,7/30/2024,9822.280273,9942.947107,9822.280273,9942.947107,32122900
947,7/31/2024,9918.8125,9991.212591,9870.545773,9991.212591,82519900
948,8/1/2024,10015.34668,10015.34668,9846.413121,9846.413121,61176200
949,8/2/2024,9846.413086,9991.213278,9846.413086,9918.813182,55699900
950,8/5/2024,9532.679688,9798.146717,9532.679688,9653.346519,126328300
951,8/6/2024,9653.34668,9725.74678,9605.079946,9725.74678,78473900
952,8/7/2024,9749.879883,9749.879883,9653.346419,9653.346419,52327400
953,8/8/2024,9870.545898,9870.545898,9725.745714,9798.145806,54162100
954,8/9/2024,9798.146484,9894.679947,9749.879753,9870.546582,47062400
955,8/12/2024,9846.413086,9846.413086,9725.746259,9749.879624,40364100
956,8/13/2024,9942.946289,9942.946289,9822.279465,9894.67956,55207100
957,8/14/2024,9846.413086,9942.946548,9846.413086,9942.946548,47999100
958,8/15/2024,9870.545898,9942.945991,9822.27917,9846.412534,33396600
959,8/16/2024,9967.080078,9967.080078,9894.679981,9942.946712,40731400
960,8/19/2024,10015.34668,10063.61341,9918.813218,9967.079949,51054400
961,8/20/2024,10063.61328,10087.74665,9942.946455,9967.079821,60304400
962,8/21/2024,10063.61328,10136.01338,10063.61328,10136.01338,84848800
963,8/22/2024,9967.080078,10039.48018,9870.546615,9991.213444,56611600
964,8/23/2024,9967.080078,10015.34681,9942.946712,9967.080078,46651600
965,8/26/2024,9967.080078,10015.34681,9894.679981,9918.813347,35145600
966,8/27/2024,9846.413086,9942.946548,9822.279721,9918.813182,60448400
967,8/28/2024,9991.212891,9991.212891,9894.679433,9942.946162,38489900
968,8/29/2024,9870.545898,10136.0129,9870.545898,10136.0129,53004700
969,8/30/2024,9967.080078,9967.080078,9846.413249,9967.080078,158403700
970,9/2/2024,9918.8125,10015.34595,9846.412409,10015.34595,72008600
971,9/3/2024,9822.280273,9967.080474,9798.146907,9967.080474,50950200
972,9/4/2024,9942.946289,9942.946289,9774.012736,9798.1461,44817000
973,9/5/2024,9894.679688,9991.213148,9894.679688,9991.213148,39332900
974,9/6/2024,9942.946289,9942.946289,9870.546195,9870.546195,31541800
975,9/9/2024,9918.8125,9991.212591,9846.412409,9942.945864,36185100
976,9/10/2024,9991.212891,9991.212891,9918.812797,9991.212891,55093100
977,9/11/2024,10063.61328,10063.61328,9991.213186,10063.61328,64621300
978,9/12/2024,10111.87988,10136.01325,10015.34642,10087.74652,70759100
979,9/13/2024,10063.61328,10063.61328,9967.079821,10039.47992,70057100
980,9/17/2024,10136.01367,10136.01367,9991.213477,10087.74694,89745000
981,9/18/2024,10256.68066,10256.68066,10087.7471,10136.01383,65420200
982,9/19/2024,10522.14746,10522.14746,10280.8138,10329.08054,140886600
983,9/20/2024,10401.48047,10522.1473,10401.48047,10522.1473,142194600
984,9/23/2024,10570.41406,10570.41406,10353.21377,10353.21377,72553800
985,9/24/2024,10425.61328,10570.41347,10401.47992,10401.47992,105191100
986,9/25/2024,10473.87988,10473.87988,10160.14615,10304.94634,158369100
987,9/26/2024,10329.08105,10498.01462,10304.94769,10498.01462,84960100
988,9/27/2024,10280.81445,10377.34792,10039.48078,10136.01425,93027400
989,9/30/2024,9967.080078,10184.28037,9967.080078,10111.88027,144692100
990,10/1/2024,10184.28027,10184.28027,10015.34671,10039.48008,59797700
991,10/2/2024,10136.01367,10184.2804,9967.080111,9967.080111,86746200
992,10/3/2024,10087.74707,10160.14717,10039.48034,10087.74707,60887000
993,10/4/2024,10111.87988,10111.87988,9991.213058,10039.47979,58500400
994,10/7/2024,9942.946289,10015.34638,9894.67956,9991.213019,91867900
995,10/8/2024,10039.47949,10136.01295,9798.145851,9846.412579,99622900
996,10/9/2024,10063.61328,10160.14674,10039.47992,10039.47992,56835200
997,10/10/2024,10136.01367,10136.01367,10039.48021,10063.61357,51080000
998,10/11/2024,10015.34668,10208.4136,10015.34668,10208.4136,44632100
999,10/14/2024,10136.01367,10136.01367,10015.34684,10015.34684,31738600
1000,10/15/2024,10256.68066,10256.68066,10087.7471,10184.28057,66635200
1001,10/16/2024,10111.87988,10353.21353,10111.87988,10329.08017,63255900
1002,10/17/2024,10353.21387,10425.61396,10136.01358,10184.28031,66993300
1003,10/18/2024,10377.34668,10498.0135,10353.21332,10498.0135,56299600
1004,10/21/2024,10304.94727,10473.88083,10304.94727,10473.88083,36472500
1005,10/22/2024,10136.01367,10232.54714,10111.88031,10111.88031,94799500
1006,10/23/2024,10280.81445,10280.81445,10111.88088,10111.88088,48903000
1007,10/24/2024,10329.08105,10473.88126,10329.08105,10353.21442,85341200
1008,10/25/2024,10377.34668,10377.34668,10256.67986,10280.81322,34847500
1009,10/28/2024,10232.54688,10449.74716,10232.54688,10449.74716,39061500
1010,10/29/2024,10136.01367,10208.41377,10136.01367,10160.14704,49680100
1011,10/30/2024,9991.212891,10039.47962,9918.812797,9918.812797,114484100
1012,10/31/2024,9894.679688,10111.87997,9894.679688,9967.079783,97553400
1013,11/1/2024,10063.61328,10063.61328,9918.81309,9918.81309,47710000
1014,11/4/2024,10015.34668,10136.01351,9942.946583,10063.61341,49275700
1015,11/5/2024,10136.01367,10208.41377,9942.946745,9942.946745,50296500
1016,11/6/2024,10087.74707,10136.0138,10015.34697,10111.88044,50324900
1017,11/7/2024,9822.280273,10087.74731,9822.280273,9967.080474,131579100
1018,11/8/2024,9725.746094,9870.546284,9701.612729,9846.412919,92166100
1019,11/11/2024,9701.613281,9701.613281,9460.279618,9460.279618,128707600
1020,11/12/2024,9798.146484,9870.546582,9653.34629,9749.879753,80378500
1021,11/13/2024,9798.146484,9894.679947,9798.146484,9870.546582,62933100
1022,11/14/2024,9749.879883,9822.279981,9701.613151,9774.013249,56381400
1023,11/15/2024,9822.280273,9918.81374,9701.61344,9701.61344,63598200
1024,11/18/2024,9653.34668,9774.013513,9653.34668,9725.74678,65716200
1025,11/19/2024,9580.946289,9677.479753,9556.812923,9556.812923,85295300
1026,11/20/2024,9725.746094,9798.146189,9653.345999,9677.479364,58584400
1027,11/21/2024,9555.970703,9701.4931,9555.970703,9701.4931,93181200
1028,11/22/2024,9555.970703,9652.985634,9555.970703,9628.731901,58396100
1029,11/25/2024,9871.268555,9895.522286,9604.477513,9652.984975,165369400
1030,11/26/2024,9701.493164,9944.030493,9701.493164,9944.030493,62310100
1031,11/28/2024,9701.493164,9774.254363,9628.731965,9677.239431,57443500
1032,11/29/2024,9701.493164,9798.508096,9652.985698,9701.493164,76886000
1033,12/2/2024,9458.955078,9749.99985,9458.955078,9701.492388,87879600
1034,12/3/2024,9895.522461,9919.776192,9604.477683,9725.74634,126087100
1035,12/4/2024,9895.522461,9944.029924,9750.000072,9871.268729,97876300
1036,12/5/2024,9944.030273,10041.0452,9919.776541,9944.030273,96904400
1037,12/6/2024,9774.253906,9871.268833,9750.000174,9798.507638,68247200
1038,12/9/2024,10041.04492,10041.04492,9701.492678,9725.74641,64458400
1039,12/10/2024,10041.04492,10041.04492,9968.283727,10016.79119,61230400
1040,12/11/2024,10113.80664,10113.80664,9919.776777,9919.776777,37934300
1041,12/12/2024,9871.268555,10065.2984,9871.268555,9992.53721,44780100
1042,12/13/2024,9750,9919.776119,9725.746269,9822.761194,75126400
1043,12/16/2024,9798.507813,9822.761545,9701.492884,9701.492884,57746100
1044,12/17/2024,9604.477539,9749.999926,9604.477539,9652.985001,99845900
1045,12/18/2024,9507.462891,9725.746477,9507.462891,9604.477818,84868500
1046,12/19/2024,9386.194336,9483.209264,9264.925675,9410.448068,104254100
1047,12/20/2024,9361.94043,9458.955356,9337.686698,9361.94043,91576900
1048,12/23/2024,9483.208984,9555.970179,9410.44779,9410.44779,43292100
1049,12/24/2024,9458.955078,9604.477464,9458.955078,9555.970002,32415700
1050,12/27/2024,9507.462891,9531.716622,9434.701695,9507.462891,24016700
1051,12/30/2024,9386.194336,9531.716729,9386.194336,9507.462997,56350100
1052,1/2/2025,9604.477539,9604.477539,9361.940227,9361.940227,38124800
1053,1/3/2025,9555.970703,9628.731901,9531.71697,9555.970703,41916000
1054,1/6/2025,9386.194336,9580.224193,9361.940604,9555.970461,41593900
1055,1/7/2025,9240.671875,9434.701731,9240.671875,9386.194267,71318600
1056,1/8/2025,9386.194336,9483.209264,9289.179407,9386.194336,55943100
1057,1/9/2025,9555.970703,9580.224436,9434.702039,9458.955772,42733800
1058,1/10/2025,9434.702148,9628.732013,9434.702148,9507.463348,72531300
1059,1/13/2025,9386.194336,9434.7018,9337.686872,9337.686872,88270100
1060,1/14/2025,9240.671875,9434.701731,9240.671875,9313.433071,70942600
1061,1/15/2025,9507.462891,9507.462891,9264.925572,9289.179304,77098000
1062,1/16/2025,9458.955078,9628.731195,9458.955078,9555.970002,76979000
1063,1/17/2025,9604.477539,9604.477539,9361.940227,9458.955152,71033100
1064,1/20/2025,9337.686523,9580.223836,9337.686523,9555.970105,112111200
1065,1/21/2025,9289.179688,9386.194619,9264.925955,9313.43342,124547900
1066,1/22/2025,9313.432617,9386.19381,9289.178886,9361.940079,90154800
1067,1/23/2025,9313.432617,9458.955002,9313.432617,9313.432617,120515400
1068,1/24/2025,9070.895508,9361.940283,9070.895508,9337.686552,152057000
1069,1/30/2025,8876.866211,8998.134875,8876.866211,8876.866211,154645800
1070,1/31/2025,9167.911133,9216.418599,8949.627534,8973.881268,112982800
1071,2/3/2025,9070.895508,9119.40297,8949.626851,9119.40297,90439900
1072,2/4/2025,8901.120117,9119.403717,8901.120117,9070.89625,94607700
1073,2/5/2025,8852.612305,8901.119769,8828.358572,8828.358572,98229900
1074,2/6/2025,8682.835938,8828.358328,8585.821011,8804.104596,171477800
1075,2/7/2025,9070.895508,9070.895508,8561.56715,8682.835807,131162200
1076,2/10/2025,8876.866211,8973.881142,8755.597547,8755.597547,76209100
1077,2/11/2025,8804.104492,8828.358224,8731.343298,8755.597029,71188300
1078,2/12/2025,8876.866211,8876.866211,8682.836348,8682.836348,121172600
1079,2/13/2025,8731.34375,8876.866146,8731.34375,8828.358681,90439700
1080,2/14/2025,8707.089844,8804.104772,8682.836112,8731.343576,116274500
1081,2/17/2025,9046.641602,9046.641602,8707.08937,8707.08937,89096400
1082,2/18/2025,9022.388672,9289.179735,8973.881206,9046.642405,107318300
1083,2/19/2025,8682.835938,8973.880718,8682.835938,8949.626986,154438200
1084,2/20/2025,8731.34375,8755.597483,8682.836285,8707.090017,119260800
1085,2/21/2025,8731.34375,8731.34375,8658.582552,8682.836285,106054700
1086,2/24/2025,8658.582031,8707.089494,8610.074569,8658.582031,108530300
1087,2/25/2025,8561.567383,8731.343507,8561.567383,8634.328579,101592700
1088,2/26/2025,8513.05957,8634.328225,8464.552108,8537.313301,117843500
1089,2/27/2025,8270.522461,8537.313508,8246.268729,8537.313508,199991600
1090,2/28/2025,8173.507813,8416.045136,8173.507813,8270.522742,293095000
1091,3/3/2025,8537.313477,8634.328402,8294.776162,8343.283625,192944300
1092,3/4/2025,8585.821289,8658.582486,8416.045162,8634.328754,125418500
1093,3/5/2025,8731.34375,8901.119878,8561.567622,8561.567622,155207900
1094,3/6/2025,8707.089844,8925.373433,8707.089844,8925.373433,96270100
1095,3/7/2025,8658.582031,8731.343225,8658.582031,8731.343225,82295300
1096,3/10/2025,8658.582031,8707.089494,8464.552182,8488.805913,97652100
1097,3/11/2025,8658.582031,8779.850687,8610.074569,8682.835762,109295600
1098,3/12/2025,8852.612305,8852.612305,8707.089911,8755.597375,87968900
1099,3/13/2025,8707.089844,8901.119701,8707.089844,8876.865969,83030700
1100,3/14/2025,8488.806641,8658.582773,8488.806641,8537.314107,111397800
1101,3/17/2025,8343.28418,8513.060311,8294.776714,8488.806578,151365700
1102,3/18/2025,8052.23877,8294.776082,7833.955188,8246.268619,417305700
1103,3/19/2025,8076.492676,8149.253871,7979.477749,8052.238944,214108200
1104,3/20/2025,8125,8222.014925,8100.746269,8197.761194,152917300
1105,3/21/2025,7900,8275,7900,8275,377916400
1106,3/24/2025,7950,8100,7625,7825,331836800
1107,3/25/2025,8050,8150,8000,8075,136341700
1108,3/26/2025,8525,8650,8275,8300,283104600
1109,3/27/2025,8500,8575,8375,8425,122943900
1110,4/8/2025,7775,8000,7275,7400,533073600
1111,4/9/2025,7925,7950,7675,7700,136753900
1112,4/10/2025,8225,8650,8175,8500,144148600
1113,4/11/2025,8275,8325,8050,8200,82603000
1114,4/14/2025,8400,8400,8250,8250,83319300
1115,4/15/2025,8575,8600,8450,8575,83431800
1116,4/16/2025,8475,8550,8425,8500,76874900
1117,4/17/2025,8500,8500,8350,8450,83540600
1118,4/21/2025,8300,8500,8300,8500,40683800
1119,4/22/2025,8500,8500,8325,8325,56537100
1120,4/23/2025,8725,8725,8550,8550,92329600
1121,4/24/2025,8475,8850,8475,8850,143675300
1122,4/25/2025,8600,8650,8575,8650,58297000
1123,4/28/2025,8775,8775,8650,8750,73235400
1124,4/29/2025,8725,8825,8700,8800,60315700
1125,4/30/2025,8825,8925,8675,8800,164597500
1126,5/2/2025,8975,9000,8850,9000,92219000
1127,5/5/2025,8975,9050,8975,9000,86385600
1128,5/6/2025,9025,9050,8975,9050,48860500
1129,5/7/2025,9075,9100,9000,9075,77382000
1130,5/8/2025,8975,9200,8925,9075,99614500
1131,5/9/2025,9000,9050,8975,9050,47167500
1132,5/14/2025,9275,9300,9150,9250,149002900
1133,5/15/2025,9275,9400,9250,9275,101401300
1134,5/16/2025,9300,9325,9225,9300,63007500
1135,5/19/2025,9500,9500,9250,9275,111597200
1136,5/20/2025,9475,9675,9475,9500,160614800
1137,5/21/2025,9700,9725,9550,9700,169739200
1138,5/22/2025,9650,9800,9650,9800,103113000
1139,5/23/2025,9675,9700,9625,9675,48521800
1140,5/26/2025,9625,9650,9500,9600,56625300
1141,5/27/2025,9450,9600,9450,9550,93212000
1142,5/28/2025,9400,9550,9400,9450,236950800
1143,6/2/2025,9100,9175,9025,9025,264428700
1144,6/3/2025,9050,9125,8950,9050,128318100
1145,6/4/2025,8975,9125,8950,9100,93357200
1146,6/5/2025,8925,9050,8900,9000,95529000
1147,6/10/2025,9100,9100,8950,8975,80406400
1148,6/11/2025,9050,9125,9050,9100,56632600
1149,6/12/2025,9125,9125,9000,9000,41337300
1150,6/13/2025,9025,9125,8975,9100,83318000
1151,6/16/2025,8925,9000,8900,8925,57825000
1152,6/17/2025,9075,9100,8975,8975,54927900
1153,6/18/2025,8900,9025,8900,8950,86270200
1154,6/19/2025,8775,8925,8750,8900,78879500
1155,6/20/2025,8700,8875,8625,8700,445915100
1156,6/23/2025,8625,8700,8500,8575,87324500
1157,6/24/2025,8775,8850,8700,8725,110158900
1158,6/25/2025,8600,8775,8475,8725,117561000
1159,6/26/2025,8650,8650,8525,8525,117281700
1160,6/30/2025,8675,8825,8550,8575,185441800
1161,7/1/2025,8700,8775,8600,8750,82364500
1162,7/2/2025,8675,8675,8575,8575,68545100
1163,7/3/2025,8600,8750,8600,8700,50370800
1164,7/4/2025,8650,8700,8550,8650,43593300
1165,7/7/2025,8625,8650,8550,8625,49936900
1166,7/8/2025,8500,8600,8425,8550,215611000
1167,7/9/2025,8500,8550,8450,8500,94459300
1168,7/10/2025,8600,8650,8500,8525,111769400
1169,7/11/2025,8625,8675,8575,8575,135986500
1170,7/14/2025,8525,8675,8450,8650,125196000
1171,7/15/2025,8550,8600,8475,8600,77219300
1172,7/16/2025,8525,8600,8500,8550,97475300
1173,7/17/2025,8525,8550,8500,8500,86016400
1174,7/18/2025,8425,8575,8425,8550,80432200
1175,7/21/2025,8450,8500,8375,8450,95383500
1176,7/22/2025,8400,8475,8400,8450,77981700
1177,7/23/2025,8425,8500,8400,8450,70969500
1178,7/24/2025,8500,8550,8450,8475,138256800
1179,7/25/2025,8450,8525,8450,8500,58682800
1180,7/28/2025,8500,8625,8475,8625,99484300
1181,7/29/2025,8400,8500,8375,8500,104240300
1182,7/30/2025,8375,8475,8325,8475,98098100
1183,7/31/2025,8275,8375,8250,8350,206006300
1184,8/1/2025,8300,8425,8300,8400,86196100
1185,8/4/2025,8275,8350,8275,8325,49054500
1186,8/5/2025,8425,8450,8325,8350,69475900
